feeder,topology,portfolio,native_dc_share,converter_efficiency,spatial_allocations,all_ac_count,hybrid_count,root_dc_count,mean_dc_bus_fraction,mean_dc_energy_fraction,mean_loss_change_pct,median_loss_change_pct,minimum_loss_change_pct,maximum_loss_change_pct,distinct_boundary_signatures,all_ac_pct,hybrid_pct,root_dc_pct
rural,original,K0,0.0,0.94,3,3,0,0,0.0,0.0,0.0,0.0,0.0,0.0,1,100.0,0.0,0.0
rural,original,K0,0.0,0.96,3,3,0,0,0.0,0.0,0.0,0.0,0.0,0.0,1,100.0,0.0,0.0
rural,original,K0,0.0,0.98,3,3,0,0,0.0,0.0,0.0,0.0,0.0,0.0,1,100.0,0.0,0.0
rural,original,K0,0.0,0.99,3,3,0,0,0.0,0.0,0.0,0.0,0.0,0.0,1,100.0,0.0,0.0
rural,original,K0,0.25,0.94,3,3,0,0,0.0,0.0,0.0,0.0,0.0,0.0,1,100.0,0.0,0.0
rural,original,K0,0.25,0.96,3,3,0,0,0.0,0.0,0.0,0.0,0.0,0.0,1,100.0,0.0,0.0
rural,original,K0,0.25,0.98,3,2,1,0,0.07692307692307693,0.05174594834675756,-4.662557766555358,0.0,-13.987673299666076,0.0,2,66.66666666666666,33.33333333333333,0.0
rural,original,K0,0.25,0.99,3,1,2,0,0.10256410256410257,0.12167422126806382,-16.076391226092728,-19.107825899491647,-29.121347778786543,0.0,3,33.33333333333333,66.66666666666666,0.0
rural,original,K0,0.5,0.94,3,3,0,0,0.0,0.0,0.0,0.0,0.0,0.0,1,100.0,0.0,0.0
rural,original,K0,0.5,0.96,3,3,0,0,0.0,0.0,0.0,0.0,0.0,0.0,1,100.0,0.0,0.0
rural,original,K0,0.5,0.98,3,0,3,0,0.17948717948717952,0.24995304143470906,-16.055336115504804,-20.485562017070595,-22.26037792497737,-5.420068404466443,3,0.0,100.0,0.0
rural,original,K0,0.5,0.99,3,0,3,0,0.17948717948717952,0.24995304143470906,-28.282959323165798,-35.09766674374728,-40.1253410574197,-9.62587016833041,3,0.0,100.0,0.0
rural,original,K0,0.75,0.94,3,3,0,0,0.0,0.0,0.0,0.0,0.0,0.0,1,100.0,0.0,0.0
rural,original,K0,0.75,0.96,3,3,0,0,0.0,0.0,0.0,0.0,0.0,0.0,1,100.0,0.0,0.0
rural,original,K0,0.75,0.98,3,0,3,0,0.5128205128205129,0.5628545136516194,-22.138968690184218,-20.391440593233526,-25.747181108466187,-20.278284368852947,3,0.0,100.0,0.0
rural,original,K0,0.75,0.99,3,0,3,0,0.5384615384615384,0.5654456818267629,-40.41739600534304,-40.72948876910124,-44.11433708178402,-36.40836216514388,3,0.0,100.0,0.0
rural,original,K0,1.0,0.94,3,3,0,0,0.0,0.0,0.0,0.0,0.0,0.0,1,100.0,0.0,0.0
rural,original,K0,1.0,0.96,3,3,0,0,0.0,0.0,0.0,0.0,0.0,0.0,1,100.0,0.0,0.0
rural,original,K0,1.0,0.98,3,0,0,3,1.0,1.0,-35.543107327658056,-35.543107327658056,-35.543107327658056,-35.543107327658056,1,0.0,0.0,100.0
rural,original,K0,1.0,0.99,3,0,0,3,1.0,1.0,-59.919537649948076,-59.91953764994808,-59.91953764994808,-59.91953764994808,1,0.0,0.0,100.0
rural,original,K1,0.0,0.94,3,3,0,0,0.0,0.0,0.0,0.0,0.0,0.0,1,100.0,0.0,0.0
rural,original,K1,0.0,0.96,3,3,0,0,0.0,0.0,0.0,0.0,0.0,0.0,1,100.0,0.0,0.0
rural,original,K1,0.0,0.98,3,3,0,0,0.0,0.0,0.0,0.0,0.0,0.0,1,100.0,0.0,0.0
rural,original,K1,0.0,0.99,3,3,0,0,0.0,0.0,0.0,0.0,0.0,0.0,1,100.0,0.0,0.0
rural,original,K1,0.25,0.94,3,3,0,0,0.0,0.0,0.0,0.0,0.0,0.0,1,100.0,0.0,0.0
rural,original,K1,0.25,0.96,3,3,0,0,0.0,0.0,0.0,0.0,0.0,0.0,1,100.0,0.0,0.0
rural,original,K1,0.25,0.98,3,2,1,0,0.07692307692307693,0.05174594834675756,-4.040393189014763,0.0,-12.121179567044289,0.0,2,66.66666666666666,33.33333333333333,0.0
rural,original,K1,0.25,0.99,3,1,2,0,0.10256410256410257,0.12167422126806382,-14.547500006794296,-16.743691615464666,-26.898808404918224,0.0,3,33.33333333333333,66.66666666666666,0.0
rural,original,K1,0.5,0.94,3,3,0,0,0.0,0.0,0.0,0.0,0.0,0.0,1,100.0,0.0,0.0
rural,original,K1,0.5,0.96,3,3,0,0,0.0,0.0,0.0,0.0,0.0,0.0,1,100.0,0.0,0.0
rural,original,K1,0.5,0.98,3,0,3,0,0.17948717948717952,0.24995304143470906,-14.633251954347722,-18.825288181379886,-20.25223782041038,-4.822229861252904,3,0.0,100.0,0.0
rural,original,K1,0.5,0.99,3,0,3,0,0.17948717948717952,0.24995304143470906,-26.733303795358115,-33.255175753988404,-37.92697102541653,-9.01776460666941,3,0.0,100.0,0.0
rural,original,K1,0.75,0.94,3,3,0,0,0.0,0.0,0.0,0.0,0.0,0.0,1,100.0,0.0,0.0
rural,original,K1,0.75,0.96,3,3,0,0,0.0,0.0,0.0,0.0,0.0,0.0,1,100.0,0.0,0.0
rural,original,K1,0.75,0.98,3,0,3,0,0.5128205128205129,0.5628545136516194,-19.996749182512332,-18.48079306715771,-23.54390518858975,-17.965549291789532,3,0.0,100.0,0.0
rural,original,K1,0.75,0.99,3,0,3,0,0.5384615384615384,0.5654456818267629,-38.212210449884594,-38.270151652549714,-41.78213466322273,-34.58434503388135,3,0.0,100.0,0.0
rural,original,K1,1.0,0.94,3,3,0,0,0.0,0.0,0.0,0.0,0.0,0.0,1,100.0,0.0,0.0
rural,original,K1,1.0,0.96,3,3,0,0,0.0,0.0,0.0,0.0,0.0,0.0,1,100.0,0.0,0.0
rural,original,K1,1.0,0.98,3,0,0,3,1.0,1.0,-32.791011395655055,-32.79101139565505,-32.79101139565506,-32.79101139565505,1,0.0,0.0,100.0
rural,original,K1,1.0,0.99,3,0,0,3,1.0,1.0,-57.13721814335795,-57.13721814335795,-57.13721814335795,-57.13721814335795,1,0.0,0.0,100.0
rural,original,K2,0.0,0.94,3,3,0,0,0.0,0.0,0.0,0.0,0.0,0.0,1,100.0,0.0,0.0
rural,original,K2,0.0,0.96,3,3,0,0,0.0,0.0,0.0,0.0,0.0,0.0,1,100.0,0.0,0.0
rural,original,K2,0.0,0.98,3,3,0,0,0.0,0.0,0.0,0.0,0.0,0.0,1,100.0,0.0,0.0
rural,original,K2,0.0,0.99,3,3,0,0,0.0,0.0,0.0,0.0,0.0,0.0,1,100.0,0.0,0.0
rural,original,K2,0.25,0.94,3,3,0,0,0.0,0.0,0.0,0.0,0.0,0.0,1,100.0,0.0,0.0
rural,original,K2,0.25,0.96,3,3,0,0,0.0,0.0,0.0,0.0,0.0,0.0,1,100.0,0.0,0.0
rural,original,K2,0.25,0.98,3,2,1,0,0.07692307692307693,0.05174594834675756,-4.225739890836112,0.0,-12.677219672508338,0.0,2,66.66666666666666,33.33333333333333,0.0
rural,original,K2,0.25,0.99,3,1,2,0,0.10256410256410257,0.12167422126806382,-14.894776380339955,-17.40092184056455,-27.283407300455316,0.0,3,33.33333333333333,66.66666666666666,0.0
rural,original,K2,0.5,0.94,3,3,0,0,0.0,0.0,0.0,0.0,0.0,0.0,1,100.0,0.0,0.0
rural,original,K2,0.5,0.96,3,3,0,0,0.0,0.0,0.0,0.0,0.0,0.0,1,100.0,0.0,0.0
rural,original,K2,0.5,0.98,3,0,3,0,0.17948717948717952,0.24995304143470906,-15.097029186770909,-19.345755886782708,-20.908821093693703,-5.036510579836316,3,0.0,100.0,0.0
rural,original,K2,0.5,0.99,3,0,3,0,0.17948717948717952,0.24995304143470906,-27.114354442847027,-33.69030918636026,-38.46424314255098,-9.188510999629841,3,0.0,100.0,0.0
rural,original,K2,0.75,0.94,3,3,0,0,0.0,0.0,0.0,0.0,0.0,0.0,1,100.0,0.0,0.0
rural,original,K2,0.75,0.96,3,3,0,0,0.0,0.0,0.0,0.0,0.0,0.0,1,100.0,0.0,0.0
rural,original,K2,0.75,0.98,3,0,3,0,0.5128205128205129,0.5628545136516194,-21.002621664761303,-19.21265029536073,-24.616215136347833,-19.17899956257535,3,0.0,100.0,0.0
rural,original,K2,0.75,0.99,3,0,3,0,0.5384615384615384,0.5654456818267629,-39.10483214283901,-39.34118910047084,-42.77005247822739,-35.20325484981879,3,0.0,100.0,0.0
rural,original,K2,1.0,0.94,3,3,0,0,0.0,0.0,0.0,0.0,0.0,0.0,1,100.0,0.0,0.0
rural,original,K2,1.0,0.96,3,3,0,0,0.0,0.0,0.0,0.0,0.0,0.0,1,100.0,0.0,0.0
rural,original,K2,1.0,0.98,3,0,0,3,1.0,1.0,-34.09455322250977,-34.09455322250977,-34.09455322250977,-34.09455322250977,1,0.0,0.0,100.0
rural,original,K2,1.0,0.99,3,0,0,3,1.0,1.0,-58.31179277747025,-58.31179277747025,-58.31179277747025,-58.31179277747025,1,0.0,0.0,100.0
rural,original,K3,0.0,0.94,3,3,0,0,0.0,0.0,0.0,0.0,0.0,0.0,1,100.0,0.0,0.0
rural,original,K3,0.0,0.96,3,3,0,0,0.0,0.0,0.0,0.0,0.0,0.0,1,100.0,0.0,0.0
rural,original,K3,0.0,0.98,3,3,0,0,0.0,0.0,0.0,0.0,0.0,0.0,1,100.0,0.0,0.0
rural,original,K3,0.0,0.99,3,3,0,0,0.0,0.0,0.0,0.0,0.0,0.0,1,100.0,0.0,0.0
rural,original,K3,0.25,0.94,3,3,0,0,0.0,0.0,0.0,0.0,0.0,0.0,1,100.0,0.0,0.0
rural,original,K3,0.25,0.96,3,3,0,0,0.0,0.0,0.0,0.0,0.0,0.0,1,100.0,0.0,0.0
rural,original,K3,0.25,0.98,3,2,1,0,0.07692307692307693,0.05174594834675756,-4.275033962766178,0.0,-12.825101888298535,0.0,2,66.66666666666666,33.33333333333333,0.0
rural,original,K3,0.25,0.99,3,1,2,0,0.10256410256410257,0.12167422126806382,-15.087927579644713,-17.624208997752493,-27.63957374118165,0.0,3,33.33333333333333,66.66666666666666,0.0
rural,original,K3,0.5,0.94,3,3,0,0,0.0,0.0,0.0,0.0,0.0,0.0,1,100.0,0.0,0.0
rural,original,K3,0.5,0.96,3,3,0,0,0.0,0.0,0.0,0.0,0.0,0.0,1,100.0,0.0,0.0
rural,original,K3,0.5,0.98,3,0,3,0,0.17948717948717952,0.24995304143470906,-15.187246327521473,-19.46558025902954,-21.033913913245428,-5.062244810289454,3,0.0,100.0,0.0
rural,original,K3,0.5,0.99,3,0,3,0,0.17948717948717952,0.24995304143470906,-27.293336870170634,-33.915638968503984,-38.7190751459057,-9.245296496102227,3,0.0,100.0,0.0
rural,original,K3,0.75,0.94,3,3,0,0,0.0,0.0,0.0,0.0,0.0,0.0,1,100.0,0.0,0.0
rural,original,K3,0.75,0.96,3,3,0,0,0.0,0.0,0.0,0.0,0.0,0.0,1,100.0,0.0,0.0
rural,original,K3,0.75,0.98,3,0,3,0,0.5128205128205129,0.5628545136516194,-20.939943196367526,-19.232038429684557,-24.528377961851234,-19.059413197566784,3,0.0,100.0,0.0
rural,original,K3,0.75,0.99,3,0,3,0,0.5384615384615384,0.5654456818267629,-39.1330430737677,-39.323278742657486,-42.77256839423668,-35.30328208440893,3,0.0,100.0,0.0
rural,original,K3,1.0,0.94,3,3,0,0,0.0,0.0,0.0,0.0,0.0,0.0,1,100.0,0.0,0.0
rural,original,K3,1.0,0.96,3,3,0,0,0.0,0.0,0.0,0.0,0.0,0.0,1,100.0,0.0,0.0
rural,original,K3,1.0,0.98,3,0,0,3,1.0,1.0,-34.00697109339532,-34.00697109339532,-34.00697109339532,-34.00697109339532,1,0.0,0.0,100.0
rural,original,K3,1.0,0.99,3,0,0,3,1.0,1.0,-58.31633258822432,-58.31633258822432,-58.31633258822432,-58.31633258822432,1,0.0,0.0,100.0
rural,synthetic_mst,K0,0.0,0.94,3,3,0,0,0.0,0.0,0.0,0.0,0.0,0.0,1,100.0,0.0,0.0
rural,synthetic_mst,K0,0.0,0.96,3,3,0,0,0.0,0.0,0.0,0.0,0.0,0.0,1,100.0,0.0,0.0
rural,synthetic_mst,K0,0.0,0.98,3,3,0,0,0.0,0.0,0.0,0.0,0.0,0.0,1,100.0,0.0,0.0
rural,synthetic_mst,K0,0.0,0.99,3,3,0,0,0.0,0.0,0.0,0.0,0.0,0.0,1,100.0,0.0,0.0
rural,synthetic_mst,K0,0.25,0.94,3,3,0,0,0.0,0.0,0.0,0.0,0.0,0.0,1,100.0,0.0,0.0
rural,synthetic_mst,K0,0.25,0.96,3,3,0,0,0.0,0.0,0.0,0.0,0.0,0.0,1,100.0,0.0,0.0
rural,synthetic_mst,K0,0.25,0.98,3,0,3,0,0.10256410256410257,0.045973364807111484,-3.3852180853622293,-3.302604564470297,-6.278123097383932,-0.5749265942324595,3,0.0,100.0,0.0
rural,synthetic_mst,K0,0.25,0.99,3,0,3,0,0.12820512820512822,0.11590163772841777,-13.81067649851174,-11.16501391990169,-20.31114214816224,-9.955873427471293,3,0.0,100.0,0.0
rural,synthetic_mst,K0,0.5,0.94,3,3,0,0,0.0,0.0,0.0,0.0,0.0,0.0,1,100.0,0.0,0.0
rural,synthetic_mst,K0,0.5,0.96,3,3,0,0,0.0,0.0,0.0,0.0,0.0,0.0,1,100.0,0.0,0.0
rural,synthetic_mst,K0,0.5,0.98,3,0,3,0,0.17948717948717952,0.19099805471857903,-11.72036627899742,-15.063056364936205,-16.798683207313253,-3.2993592647427996,3,0.0,100.0,0.0
rural,synthetic_mst,K0,0.5,0.99,3,0,3,0,0.2820512820512821,0.27123005718092,-21.309361745035066,-26.573194785257385,-31.487310036688992,-5.867580413158817,3,0.0,100.0,0.0
rural,synthetic_mst,K0,0.75,0.94,3,3,0,0,0.0,0.0,0.0,0.0,0.0,0.0,1,100.0,0.0,0.0
rural,synthetic_mst,K0,0.75,0.96,3,3,0,0,0.0,0.0,0.0,0.0,0.0,0.0,1,100.0,0.0,0.0
rural,synthetic_mst,K0,0.75,0.98,3,0,3,0,0.38461538461538464,0.37466973243481555,-15.787861715146848,-15.63185691436396,-17.48836934535418,-14.243358885722406,3,0.0,100.0,0.0
rural,synthetic_mst,K0,0.75,0.99,3,0,3,0,0.6153846153846154,0.550292687713404,-29.85430243788465,-30.451144870644793,-31.991501914797087,-27.120260528212075,3,0.0,100.0,0.0
rural,synthetic_mst,K0,1.0,0.94,3,3,0,0,0.0,0.0,0.0,0.0,0.0,0.0,1,100.0,0.0,0.0
rural,synthetic_mst,K0,1.0,0.96,3,3,0,0,0.0,0.0,0.0,0.0,0.0,0.0,1,100.0,0.0,0.0
rural,synthetic_mst,K0,1.0,0.98,3,0,0,3,1.0,1.0,-35.6965630669151,-35.6965630669151,-35.6965630669151,-35.6965630669151,1,0.0,0.0,100.0
rural,synthetic_mst,K0,1.0,0.99,3,0,0,3,1.0,1.0,-59.78557364140695,-59.78557364140694,-59.78557364140694,-59.78557364140694,1,0.0,0.0,100.0
rural,synthetic_mst,K1,0.0,0.94,3,3,0,0,0.0,0.0,0.0,0.0,0.0,0.0,1,100.0,0.0,0.0
rural,synthetic_mst,K1,0.0,0.96,3,3,0,0,0.0,0.0,0.0,0.0,0.0,0.0,1,100.0,0.0,0.0
rural,synthetic_mst,K1,0.0,0.98,3,3,0,0,0.0,0.0,0.0,0.0,0.0,0.0,1,100.0,0.0,0.0
rural,synthetic_mst,K1,0.0,0.99,3,3,0,0,0.0,0.0,0.0,0.0,0.0,0.0,1,100.0,0.0,0.0
rural,synthetic_mst,K1,0.25,0.94,3,3,0,0,0.0,0.0,0.0,0.0,0.0,0.0,1,100.0,0.0,0.0
rural,synthetic_mst,K1,0.25,0.96,3,3,0,0,0.0,0.0,0.0,0.0,0.0,0.0,1,100.0,0.0,0.0
rural,synthetic_mst,K1,0.25,0.98,3,1,2,0,0.07692307692307693,0.040805220738256515,-2.730130963652608,-2.6407909674846706,-5.549601923473154,0.0,3,33.33333333333333,66.66666666666666,0.0
rural,synthetic_mst,K1,0.25,0.99,3,0,3,0,0.12820512820512822,0.11590163772841777,-12.3143675339536,-10.396400886006173,-17.578199497489035,-8.96850221836559,3,0.0,100.0,0.0
rural,synthetic_mst,K1,0.5,0.94,3,3,0,0,0.0,0.0,0.0,0.0,0.0,0.0,1,100.0,0.0,0.0
rural,synthetic_mst,K1,0.5,0.96,3,3,0,0,0.0,0.0,0.0,0.0,0.0,0.0,1,100.0,0.0,0.0
rural,synthetic_mst,K1,0.5,0.98,3,0,3,0,0.12820512820512822,0.18066176658086908,-10.573952318603963,-13.700358607334689,-15.093603955826607,-2.9278943926505963,3,0.0,100.0,0.0
rural,synthetic_mst,K1,0.5,0.99,3,0,3,0,0.17948717948717952,0.190998054718579,-19.675400854750833,-24.491632405443745,-29.049570643954375,-5.484999514854376,3,0.0,100.0,0.0
rural,synthetic_mst,K1,0.75,0.94,3,3,0,0,0.0,0.0,0.0,0.0,0.0,0.0,1,100.0,0.0,0.0
rural,synthetic_mst,K1,0.75,0.96,3,3,0,0,0.0,0.0,0.0,0.0,0.0,0.0,1,100.0,0.0,0.0
rural,synthetic_mst,K1,0.75,0.98,3,0,3,0,0.3333333333333333,0.36433344429710557,-14.306374369316027,-14.234686231543037,-15.788984319075128,-12.89545255732992,3,0.0,100.0,0.0
rural,synthetic_mst,K1,0.75,0.99,3,0,3,0,0.5641025641025641,0.5101766864822336,-27.203297860332686,-27.602577755019947,-28.67531594446867,-25.331999881509443,3,0.0,100.0,0.0
rural,synthetic_mst,K1,1.0,0.94,3,3,0,0,0.0,0.0,0.0,0.0,0.0,0.0,1,100.0,0.0,0.0
rural,synthetic_mst,K1,1.0,0.96,3,3,0,0,0.0,0.0,0.0,0.0,0.0,0.0,1,100.0,0.0,0.0
rural,synthetic_mst,K1,1.0,0.98,3,0,0,3,1.0,1.0,-32.99229361931573,-32.99229361931573,-32.99229361931573,-32.99229361931573,1,0.0,0.0,100.0
rural,synthetic_mst,K1,1.0,0.99,3,0,0,3,1.0,1.0,-57.0276930493899,-57.027693049389896,-57.027693049389896,-57.027693049389896,1,0.0,0.0,100.0
rural,synthetic_mst,K2,0.0,0.94,3,3,0,0,0.0,0.0,0.0,0.0,0.0,0.0,1,100.0,0.0,0.0
rural,synthetic_mst,K2,0.0,0.96,3,3,0,0,0.0,0.0,0.0,0.0,0.0,0.0,1,100.0,0.0,0.0
rural,synthetic_mst,K2,0.0,0.98,3,3,0,0,0.0,0.0,0.0,0.0,0.0,0.0,1,100.0,0.0,0.0
rural,synthetic_mst,K2,0.0,0.99,3,3,0,0,0.0,0.0,0.0,0.0,0.0,0.0,1,100.0,0.0,0.0
rural,synthetic_mst,K2,0.25,0.94,3,3,0,0,0.0,0.0,0.0,0.0,0.0,0.0,1,100.0,0.0,0.0
rural,synthetic_mst,K2,0.25,0.96,3,3,0,0,0.0,0.0,0.0,0.0,0.0,0.0,1,100.0,0.0,0.0
rural,synthetic_mst,K2,0.25,0.98,3,0,3,0,0.10256410256410257,0.045973364807111484,-2.9359876856189335,-2.823168751419321,-5.652175818721285,-0.33261848671619515,3,0.0,100.0,0.0
rural,synthetic_mst,K2,0.25,0.99,3,0,3,0,0.12820512820512822,0.11590163772841777,-12.49959333212231,-10.33414892350502,-18.113182187852196,-9.051448885009709,3,0.0,100.0,0.0
rural,synthetic_mst,K2,0.5,0.94,3,3,0,0,0.0,0.0,0.0,0.0,0.0,0.0,1,100.0,0.0,0.0
rural,synthetic_mst,K2,0.5,0.96,3,3,0,0,0.0,0.0,0.0,0.0,0.0,0.0,1,100.0,0.0,0.0
rural,synthetic_mst,K2,0.5,0.98,3,0,3,0,0.17948717948717952,0.19099805471857903,-10.901892063043954,-14.080595321155881,-15.594380333774712,-3.0307005342012676,3,0.0,100.0,0.0
rural,synthetic_mst,K2,0.5,0.99,3,0,3,0,0.17948717948717952,0.190998054718579,-19.82221339315327,-24.652426381857303,-29.273036087021715,-5.541177710580789,3,0.0,100.0,0.0
rural,synthetic_mst,K2,0.75,0.94,3,3,0,0,0.0,0.0,0.0,0.0,0.0,0.0,1,100.0,0.0,0.0
rural,synthetic_mst,K2,0.75,0.96,3,3,0,0,0.0,0.0,0.0,0.0,0.0,0.0,1,100.0,0.0,0.0
rural,synthetic_mst,K2,0.75,0.98,3,0,3,0,0.38461538461538464,0.37466973243481555,-14.816059197328679,-14.694198507608109,-16.4044850685801,-13.349494015797827,3,0.0,100.0,0.0
rural,synthetic_mst,K2,0.75,0.99,3,0,3,0,0.5641025641025641,0.5101766864822336,-28.167863393856848,-29.11480526651718,-29.79351072541185,-25.595274189641515,3,0.0,100.0,0.0
rural,synthetic_mst,K2,1.0,0.94,3,3,0,0,0.0,0.0,0.0,0.0,0.0,0.0,1,100.0,0.0,0.0
rural,synthetic_mst,K2,1.0,0.96,3,3,0,0,0.0,0.0,0.0,0.0,0.0,0.0,1,100.0,0.0,0.0
rural,synthetic_mst,K2,1.0,0.98,3,0,0,3,1.0,1.0,-34.33978951604899,-34.33978951604899,-34.33978951604899,-34.33978951604899,1,0.0,0.0,100.0
rural,synthetic_mst,K2,1.0,0.99,3,0,0,3,1.0,1.0,-58.14781932664709,-58.14781932664709,-58.14781932664709,-58.14781932664709,1,0.0,0.0,100.0
rural,synthetic_mst,K3,0.0,0.94,3,3,0,0,0.0,0.0,0.0,0.0,0.0,0.0,1,100.0,0.0,0.0
rural,synthetic_mst,K3,0.0,0.96,3,3,0,0,0.0,0.0,0.0,0.0,0.0,0.0,1,100.0,0.0,0.0
rural,synthetic_mst,K3,0.0,0.98,3,3,0,0,0.0,0.0,0.0,0.0,0.0,0.0,1,100.0,0.0,0.0
rural,synthetic_mst,K3,0.0,0.99,3,3,0,0,0.0,0.0,0.0,0.0,0.0,0.0,1,100.0,0.0,0.0
rural,synthetic_mst,K3,0.25,0.94,3,3,0,0,0.0,0.0,0.0,0.0,0.0,0.0,1,100.0,0.0,0.0
rural,synthetic_mst,K3,0.25,0.96,3,3,0,0,0.0,0.0,0.0,0.0,0.0,0.0,1,100.0,0.0,0.0
rural,synthetic_mst,K3,0.25,0.98,3,0,3,0,0.10256410256410257,0.045973364807111484,-3.001775572720515,-2.880075814971802,-5.789237236895724,-0.33601366629401896,3,0.0,100.0,0.0
rural,synthetic_mst,K3,0.25,0.99,3,0,3,0,0.12820512820512822,0.11590163772841777,-12.78680665348048,-10.587800171348876,-18.512108210459136,-9.260511578633427,3,0.0,100.0,0.0
rural,synthetic_mst,K3,0.5,0.94,3,3,0,0,0.0,0.0,0.0,0.0,0.0,0.0,1,100.0,0.0,0.0
rural,synthetic_mst,K3,0.5,0.96,3,3,0,0,0.0,0.0,0.0,0.0,0.0,0.0,1,100.0,0.0,0.0
rural,synthetic_mst,K3,0.5,0.98,3,0,3,0,0.17948717948717952,0.19099805471857903,-11.025473997437446,-14.24050250974831,-15.767168948476854,-3.068750534087179,3,0.0,100.0,0.0
rural,synthetic_mst,K3,0.5,0.99,3,0,3,0,0.17948717948717952,0.190998054718579,-20.062465223339558,-24.950206151014186,-29.62482365782283,-5.6123658611816545,3,0.0,100.0,0.0
rural,synthetic_mst,K3,0.75,0.94,3,3,0,0,0.0,0.0,0.0,0.0,0.0,0.0,1,100.0,0.0,0.0
rural,synthetic_mst,K3,0.75,0.96,3,3,0,0,0.0,0.0,0.0,0.0,0.0,0.0,1,100.0,0.0,0.0
rural,synthetic_mst,K3,0.75,0.98,3,0,3,0,0.38461538461538464,0.37466973243481555,-14.908327353270211,-14.802334354048538,-16.496853690312527,-13.425794015449572,3,0.0,100.0,0.0
rural,synthetic_mst,K3,0.75,0.99,3,0,3,0,0.5641025641025641,0.5101766864822336,-28.2344699732036,-29.3201734721032,-29.581934406919512,-25.801302040588077,3,0.0,100.0,0.0
rural,synthetic_mst,K3,1.0,0.94,3,3,0,0,0.0,0.0,0.0,0.0,0.0,0.0,1,100.0,0.0,0.0
rural,synthetic_mst,K3,1.0,0.96,3,3,0,0,0.0,0.0,0.0,0.0,0.0,0.0,1,100.0,0.0,0.0
rural,synthetic_mst,K3,1.0,0.98,3,0,0,3,1.0,1.0,-34.21119075637946,-34.21119075637946,-34.211190756379466,-34.21119075637946,1,0.0,0.0,100.0
rural,synthetic_mst,K3,1.0,0.99,3,0,0,3,1.0,1.0,-58.18122574422167,-58.18122574422166,-58.18122574422166,-58.18122574422166,1,0.0,0.0,100.0
suburban,original,K0,0.0,0.94,3,3,0,0,0.0,0.0,0.0,0.0,0.0,0.0,1,100.0,0.0,0.0
suburban,original,K0,0.0,0.96,3,3,0,0,0.0,0.0,0.0,0.0,0.0,0.0,1,100.0,0.0,0.0
suburban,original,K0,0.0,0.98,3,3,0,0,0.0,0.0,0.0,0.0,0.0,0.0,1,100.0,0.0,0.0
suburban,original,K0,0.0,0.99,3,3,0,0,0.0,0.0,0.0,0.0,0.0,0.0,1,100.0,0.0,0.0
suburban,original,K0,0.25,0.94,3,3,0,0,0.0,0.0,0.0,0.0,0.0,0.0,1,100.0,0.0,0.0
suburban,original,K0,0.25,0.96,3,3,0,0,0.0,0.0,0.0,0.0,0.0,0.0,1,100.0,0.0,0.0
suburban,original,K0,0.25,0.98,3,2,1,0,0.023809523809523808,0.03741146745342728,-3.0985272035379956,0.0,-9.295581610613986,0.0,2,66.66666666666666,33.33333333333333,0.0
suburban,original,K0,0.25,0.99,3,1,2,0,0.05555555555555555,0.07247051362386704,-8.999026032144855,-7.822255151650919,-19.174822944783646,0.0,3,33.33333333333333,66.66666666666666,0.0
suburban,original,K0,0.5,0.94,3,3,0,0,0.0,0.0,0.0,0.0,0.0,0.0,1,100.0,0.0,0.0
suburban,original,K0,0.5,0.96,3,3,0,0,0.0,0.0,0.0,0.0,0.0,0.0,1,100.0,0.0,0.0
suburban,original,K0,0.5,0.98,3,0,3,0,0.08730158730158728,0.27379052647085367,-14.566398666526453,-14.250403350439871,-17.889573917784958,-11.559218731354532,3,0.0,100.0,0.0
suburban,original,K0,0.5,0.99,3,0,3,0,0.11904761904761903,0.28635416150089177,-28.160112612777777,-28.125131409647725,-30.99181040287683,-25.363396025808765,3,0.0,100.0,0.0
suburban,original,K0,0.75,0.94,3,3,0,0,0.0,0.0,0.0,0.0,0.0,0.0,1,100.0,0.0,0.0
suburban,original,K0,0.75,0.96,3,3,0,0,0.0,0.0,0.0,0.0,0.0,0.0,1,100.0,0.0,0.0
suburban,original,K0,0.75,0.98,3,0,3,0,0.29365079365079366,0.49186407883900013,-20.829073883139277,-24.318115038092394,-26.04901521219099,-12.120091399134445,3,0.0,100.0,0.0
suburban,original,K0,0.75,0.99,3,0,3,0,0.5158730158730159,0.6490343527720532,-42.26927669998522,-44.234849380222315,-44.652072979337255,-37.920907740396096,3,0.0,100.0,0.0
suburban,original,K0,1.0,0.94,3,3,0,0,0.0,0.0,0.0,0.0,0.0,0.0,1,100.0,0.0,0.0
suburban,original,K0,1.0,0.96,3,3,0,0,0.0,0.0,0.0,0.0,0.0,0.0,1,100.0,0.0,0.0
suburban,original,K0,1.0,0.98,3,0,0,3,1.0,1.0,-36.526458878428436,-36.526458878428436,-36.52645887842845,-36.526458878428436,1,0.0,0.0,100.0
suburban,original,K0,1.0,0.99,3,0,0,3,1.0,1.0,-59.923406705817435,-59.92340670581744,-59.92340670581744,-59.92340670581743,1,0.0,0.0,100.0
suburban,original,K1,0.0,0.94,3,3,0,0,0.0,0.0,0.0,0.0,0.0,0.0,1,100.0,0.0,0.0
suburban,original,K1,0.0,0.96,3,3,0,0,0.0,0.0,0.0,0.0,0.0,0.0,1,100.0,0.0,0.0
suburban,original,K1,0.0,0.98,3,3,0,0,0.0,0.0,0.0,0.0,0.0,0.0,1,100.0,0.0,0.0
suburban,original,K1,0.0,0.99,3,3,0,0,0.0,0.0,0.0,0.0,0.0,0.0,1,100.0,0.0,0.0
suburban,original,K1,0.25,0.94,3,3,0,0,0.0,0.0,0.0,0.0,0.0,0.0,1,100.0,0.0,0.0
suburban,original,K1,0.25,0.96,3,3,0,0,0.0,0.0,0.0,0.0,0.0,0.0,1,100.0,0.0,0.0
suburban,original,K1,0.25,0.98,3,2,1,0,0.023809523809523808,0.03741146745342728,-2.4984352695618237,0.0,-7.495305808685471,0.0,2,66.66666666666666,33.33333333333333,0.0
suburban,original,K1,0.25,0.99,3,1,2,0,0.05555555555555555,0.07247051362386704,-7.671952398114709,-6.16968270260633,-16.8461744917378,0.0,3,33.33333333333333,66.66666666666666,0.0
suburban,original,K1,0.5,0.94,3,3,0,0,0.0,0.0,0.0,0.0,0.0,0.0,1,100.0,0.0,0.0
suburban,original,K1,0.5,0.96,3,3,0,0,0.0,0.0,0.0,0.0,0.0,0.0,1,100.0,0.0,0.0
suburban,original,K1,0.5,0.98,3,0,3,0,0.08730158730158728,0.27379052647085367,-12.875469183834499,-12.740451763140973,-16.262000974887,-9.623954813475525,3,0.0,100.0,0.0
suburban,original,K1,0.5,0.99,3,0,3,0,0.11904761904761903,0.28635416150089177,-26.142031565849646,-25.833866813729117,-29.04288285623072,-23.549345027589094,3,0.0,100.0,0.0
suburban,original,K1,0.75,0.94,3,3,0,0,0.0,0.0,0.0,0.0,0.0,0.0,1,100.0,0.0,0.0
suburban,original,K1,0.75,0.96,3,3,0,0,0.0,0.0,0.0,0.0,0.0,0.0,1,100.0,0.0,0.0
suburban,original,K1,0.75,0.98,3,0,3,0,0.29365079365079366,0.49186407883900013,-19.017150820756623,-22.40058240936755,-24.277982490849784,-10.372887562052535,3,0.0,100.0,0.0
suburban,original,K1,0.75,0.99,3,0,3,0,0.5158730158730159,0.6490343527720532,-39.69004934024263,-42.19773419619594,-42.36656399095122,-34.50584983358072,3,0.0,100.0,0.0
suburban,original,K1,1.0,0.94,3,3,0,0,0.0,0.0,0.0,0.0,0.0,0.0,1,100.0,0.0,0.0
suburban,original,K1,1.0,0.96,3,3,0,0,0.0,0.0,0.0,0.0,0.0,0.0,1,100.0,0.0,0.0
suburban,original,K1,1.0,0.98,3,0,0,3,1.0,1.0,-34.01499898398442,-34.01499898398442,-34.01499898398442,-34.01499898398442,1,0.0,0.0,100.0
suburban,original,K1,1.0,0.99,3,0,0,3,1.0,1.0,-57.30453295162754,-57.30453295162754,-57.30453295162754,-57.30453295162754,1,0.0,0.0,100.0
suburban,original,K2,0.0,0.94,3,3,0,0,0.0,0.0,0.0,0.0,0.0,0.0,1,100.0,0.0,0.0
suburban,original,K2,0.0,0.96,3,3,0,0,0.0,0.0,0.0,0.0,0.0,0.0,1,100.0,0.0,0.0
suburban,original,K2,0.0,0.98,3,3,0,0,0.0,0.0,0.0,0.0,0.0,0.0,1,100.0,0.0,0.0
suburban,original,K2,0.0,0.99,3,3,0,0,0.0,0.0,0.0,0.0,0.0,0.0,1,100.0,0.0,0.0
suburban,original,K2,0.25,0.94,3,3,0,0,0.0,0.0,0.0,0.0,0.0,0.0,1,100.0,0.0,0.0
suburban,original,K2,0.25,0.96,3,3,0,0,0.0,0.0,0.0,0.0,0.0,0.0,1,100.0,0.0,0.0
suburban,original,K2,0.25,0.98,3,2,1,0,0.023809523809523808,0.03741146745342728,-2.5765717675245763,0.0,-7.729715302573729,0.0,2,66.66666666666666,33.33333333333333,0.0
suburban,original,K2,0.25,0.99,3,1,2,0,0.05555555555555555,0.07247051362386704,-7.694418091235831,-6.435580258848045,-16.647674014859447,0.0,3,33.33333333333333,66.66666666666666,0.0
suburban,original,K2,0.5,0.94,3,3,0,0,0.0,0.0,0.0,0.0,0.0,0.0,1,100.0,0.0,0.0
suburban,original,K2,0.5,0.96,3,3,0,0,0.0,0.0,0.0,0.0,0.0,0.0,1,100.0,0.0,0.0
suburban,original,K2,0.5,0.98,3,0,3,0,0.08730158730158728,0.27379052647085367,-13.147146172714665,-12.933534026903354,-16.379798816234736,-10.128105675005907,3,0.0,100.0,0.0
suburban,original,K2,0.5,0.99,3,0,3,0,0.11904761904761903,0.28635416150089177,-26.025997065538615,-25.84542014656649,-28.78992971266368,-23.442641337385663,3,0.0,100.0,0.0
suburban,original,K2,0.75,0.94,3,3,0,0,0.0,0.0,0.0,0.0,0.0,0.0,1,100.0,0.0,0.0
suburban,original,K2,0.75,0.96,3,3,0,0,0.0,0.0,0.0,0.0,0.0,0.0,1,100.0,0.0,0.0
suburban,original,K2,0.75,0.98,3,0,3,0,0.29365079365079366,0.49186407883900013,-19.59300092241288,-23.17570182607833,-24.72190508871666,-10.881395852443653,3,0.0,100.0,0.0
suburban,original,K2,0.75,0.99,3,0,3,0,0.5158730158730159,0.6490343527720532,-40.22795184288072,-42.47420074806786,-42.53586713183257,-35.67378764874174,3,0.0,100.0,0.0
suburban,original,K2,1.0,0.94,3,3,0,0,0.0,0.0,0.0,0.0,0.0,0.0,1,100.0,0.0,0.0
suburban,original,K2,1.0,0.96,3,3,0,0,0.0,0.0,0.0,0.0,0.0,0.0,1,100.0,0.0,0.0
suburban,original,K2,1.0,0.98,3,0,0,3,1.0,1.0,-35.415473144094236,-35.415473144094236,-35.415473144094236,-35.415473144094236,1,0.0,0.0,100.0
suburban,original,K2,1.0,0.99,3,0,0,3,1.0,1.0,-58.253785172377285,-58.253785172377285,-58.253785172377285,-58.253785172377285,1,0.0,0.0,100.0
suburban,original,K3,0.0,0.94,3,3,0,0,0.0,0.0,0.0,0.0,0.0,0.0,1,100.0,0.0,0.0
suburban,original,K3,0.0,0.96,3,3,0,0,0.0,0.0,0.0,0.0,0.0,0.0,1,100.0,0.0,0.0
suburban,original,K3,0.0,0.98,3,3,0,0,0.0,0.0,0.0,0.0,0.0,0.0,1,100.0,0.0,0.0
suburban,original,K3,0.0,0.99,3,3,0,0,0.0,0.0,0.0,0.0,0.0,0.0,1,100.0,0.0,0.0
suburban,original,K3,0.25,0.94,3,3,0,0,0.0,0.0,0.0,0.0,0.0,0.0,1,100.0,0.0,0.0
suburban,original,K3,0.25,0.96,3,3,0,0,0.0,0.0,0.0,0.0,0.0,0.0,1,100.0,0.0,0.0
suburban,original,K3,0.25,0.98,3,2,1,0,0.023809523809523808,0.03741146745342728,-2.687226132839669,0.0,-8.061678398519007,0.0,2,66.66666666666666,33.33333333333333,0.0
suburban,original,K3,0.25,0.99,3,1,2,0,0.05555555555555555,0.07247051362386704,-8.034284540688576,-6.708201204729905,-17.394652417335827,0.0,3,33.33333333333333,66.66666666666666,0.0
suburban,original,K3,0.5,0.94,3,3,0,0,0.0,0.0,0.0,0.0,0.0,0.0,1,100.0,0.0,0.0
suburban,original,K3,0.5,0.96,3,3,0,0,0.0,0.0,0.0,0.0,0.0,0.0,1,100.0,0.0,0.0
suburban,original,K3,0.5,0.98,3,0,3,0,0.08730158730158728,0.27379052647085367,-13.431403594025221,-13.219072272839966,-16.745412284767554,-10.329726224468143,3,0.0,100.0,0.0
suburban,original,K3,0.5,0.99,3,0,3,0,0.11904761904761903,0.28635416150089177,-26.647144496500527,-26.458903398179263,-29.480003070682404,-24.002527020639903,3,0.0,100.0,0.0
suburban,original,K3,0.75,0.94,3,3,0,0,0.0,0.0,0.0,0.0,0.0,0.0,1,100.0,0.0,0.0
suburban,original,K3,0.75,0.96,3,3,0,0,0.0,0.0,0.0,0.0,0.0,0.0,1,100.0,0.0,0.0
suburban,original,K3,0.75,0.98,3,0,3,0,0.29365079365079366,0.49186407883900013,-19.717277618529433,-23.199959481114295,-24.91951257567303,-11.03236079880098,3,0.0,100.0,0.0
suburban,original,K3,0.75,0.99,3,0,3,0,0.5158730158730159,0.6490343527720532,-40.58565183952121,-42.851735532906176,-43.0500894759212,-35.85513050973626,3,0.0,100.0,0.0
suburban,original,K3,1.0,0.94,3,3,0,0,0.0,0.0,0.0,0.0,0.0,0.0,1,100.0,0.0,0.0
suburban,original,K3,1.0,0.96,3,3,0,0,0.0,0.0,0.0,0.0,0.0,0.0,1,100.0,0.0,0.0
suburban,original,K3,1.0,0.98,3,0,0,3,1.0,1.0,-35.20067369126187,-35.20067369126187,-35.20067369126187,-35.20067369126187,1,0.0,0.0,100.0
suburban,original,K3,1.0,0.99,3,0,0,3,1.0,1.0,-58.35921326711692,-58.359213267116914,-58.359213267116914,-58.359213267116914,1,0.0,0.0,100.0
suburban,synthetic_mst,K0,0.0,0.94,3,3,0,0,0.0,0.0,0.0,0.0,0.0,0.0,1,100.0,0.0,0.0
suburban,synthetic_mst,K0,0.0,0.96,3,3,0,0,0.0,0.0,0.0,0.0,0.0,0.0,1,100.0,0.0,0.0
suburban,synthetic_mst,K0,0.0,0.98,3,3,0,0,0.0,0.0,0.0,0.0,0.0,0.0,1,100.0,0.0,0.0
suburban,synthetic_mst,K0,0.0,0.99,3,3,0,0,0.0,0.0,0.0,0.0,0.0,0.0,1,100.0,0.0,0.0
suburban,synthetic_mst,K0,0.25,0.94,3,3,0,0,0.0,0.0,0.0,0.0,0.0,0.0,1,100.0,0.0,0.0
suburban,synthetic_mst,K0,0.25,0.96,3,3,0,0,0.0,0.0,0.0,0.0,0.0,0.0,1,100.0,0.0,0.0
suburban,synthetic_mst,K0,0.25,0.98,3,1,2,0,0.031746031746031744,0.032437826725537654,-2.1850508991661943,-0.7426326661344301,-5.812520031364153,0.0,3,33.33333333333333,66.66666666666666,0.0
suburban,synthetic_mst,K0,0.25,0.99,3,1,2,0,0.07142857142857142,0.07016470513994737,-6.9868206592687585,-8.978716041987362,-11.981745935818916,0.0,3,33.33333333333333,66.66666666666666,0.0
suburban,synthetic_mst,K0,0.5,0.94,3,3,0,0,0.0,0.0,0.0,0.0,0.0,0.0,1,100.0,0.0,0.0
suburban,synthetic_mst,K0,0.5,0.96,3,3,0,0,0.0,0.0,0.0,0.0,0.0,0.0,1,100.0,0.0,0.0
suburban,synthetic_mst,K0,0.5,0.98,3,0,3,0,0.08730158730158728,0.18700660662884958,-8.202633548590676,-3.4590135230232124,-18.03334341979927,-3.1155437029495454,3,0.0,100.0,0.0
suburban,synthetic_mst,K0,0.5,0.99,3,0,3,0,0.14285714285714285,0.26509087563324796,-18.64894768722101,-13.348525716741785,-30.871427087014908,-11.72689025790634,3,0.0,100.0,0.0
suburban,synthetic_mst,K0,0.75,0.94,3,3,0,0,0.0,0.0,0.0,0.0,0.0,0.0,1,100.0,0.0,0.0
suburban,synthetic_mst,K0,0.75,0.96,3,3,0,0,0.0,0.0,0.0,0.0,0.0,0.0,1,100.0,0.0,0.0
suburban,synthetic_mst,K0,0.75,0.98,3,0,3,0,0.23809523809523805,0.2625122994921688,-8.19218755320662,-6.736953004151877,-13.352881631547382,-4.486728023920605,3,0.0,100.0,0.0
suburban,synthetic_mst,K0,0.75,0.99,3,0,3,0,0.7380952380952381,0.7840791276065334,-30.851271766960565,-30.61242453883705,-31.477933808517555,-30.463456953527096,3,0.0,100.0,0.0
suburban,synthetic_mst,K0,1.0,0.94,3,3,0,0,0.0,0.0,0.0,0.0,0.0,0.0,1,100.0,0.0,0.0
suburban,synthetic_mst,K0,1.0,0.96,3,3,0,0,0.0,0.0,0.0,0.0,0.0,0.0,1,100.0,0.0,0.0
suburban,synthetic_mst,K0,1.0,0.98,3,0,0,3,1.0,1.0,-39.560935944630174,-39.560935944630174,-39.560935944630174,-39.560935944630174,1,0.0,0.0,100.0
suburban,synthetic_mst,K0,1.0,0.99,3,0,0,3,1.0,1.0,-61.69845275843742,-61.698452758437426,-61.698452758437426,-61.698452758437426,1,0.0,0.0,100.0
suburban,synthetic_mst,K1,0.0,0.94,3,3,0,0,0.0,0.0,0.0,0.0,0.0,0.0,1,100.0,0.0,0.0
suburban,synthetic_mst,K1,0.0,0.96,3,3,0,0,0.0,0.0,0.0,0.0,0.0,0.0,1,100.0,0.0,0.0
suburban,synthetic_mst,K1,0.0,0.98,3,3,0,0,0.0,0.0,0.0,0.0,0.0,0.0,1,100.0,0.0,0.0
suburban,synthetic_mst,K1,0.0,0.99,3,3,0,0,0.0,0.0,0.0,0.0,0.0,0.0,1,100.0,0.0,0.0
suburban,synthetic_mst,K1,0.25,0.94,3,3,0,0,0.0,0.0,0.0,0.0,0.0,0.0,1,100.0,0.0,0.0
suburban,synthetic_mst,K1,0.25,0.96,3,3,0,0,0.0,0.0,0.0,0.0,0.0,0.0,1,100.0,0.0,0.0
suburban,synthetic_mst,K1,0.25,0.98,3,1,2,0,0.031746031746031744,0.032437826725537654,-1.7208190729039254,-0.4608035138736639,-4.701653704838113,0.0,3,33.33333333333333,66.66666666666666,0.0
suburban,synthetic_mst,K1,0.25,0.99,3,1,2,0,0.07142857142857142,0.07016470513994737,-5.809816529749107,-7.031425210488643,-10.39802437875868,0.0,3,33.33333333333333,66.66666666666666,0.0
suburban,synthetic_mst,K1,0.5,0.94,3,3,0,0,0.0,0.0,0.0,0.0,0.0,0.0,1,100.0,0.0,0.0
suburban,synthetic_mst,K1,0.5,0.96,3,3,0,0,0.0,0.0,0.0,0.0,0.0,0.0,1,100.0,0.0,0.0
suburban,synthetic_mst,K1,0.5,0.98,3,0,3,0,0.07936507936507936,0.1837261003882967,-7.048898921170355,-2.8282719528199993,-16.522415962651323,-1.796008848039744,3,0.0,100.0,0.0
suburban,synthetic_mst,K1,0.5,0.99,3,0,3,0,0.14285714285714285,0.26509087563324796,-16.59683305952805,-11.735256839126786,-28.860950058665676,-9.19429228079169,3,0.0,100.0,0.0
suburban,synthetic_mst,K1,0.75,0.94,3,3,0,0,0.0,0.0,0.0,0.0,0.0,0.0,1,100.0,0.0,0.0
suburban,synthetic_mst,K1,0.75,0.96,3,3,0,0,0.0,0.0,0.0,0.0,0.0,0.0,1,100.0,0.0,0.0
suburban,synthetic_mst,K1,0.75,0.98,3,0,3,0,0.23809523809523805,0.2625122994921688,-7.0083805982479745,-5.445956999862955,-12.160494396228863,-3.4186903986521044,3,0.0,100.0,0.0
suburban,synthetic_mst,K1,0.75,0.99,3,0,3,0,0.7380952380952381,0.7840791276065334,-28.095684830101437,-27.8105756680728,-28.746593012105464,-27.729885810126042,3,0.0,100.0,0.0
suburban,synthetic_mst,K1,1.0,0.94,3,3,0,0,0.0,0.0,0.0,0.0,0.0,0.0,1,100.0,0.0,0.0
suburban,synthetic_mst,K1,1.0,0.96,3,3,0,0,0.0,0.0,0.0,0.0,0.0,0.0,1,100.0,0.0,0.0
suburban,synthetic_mst,K1,1.0,0.98,3,0,0,3,1.0,1.0,-37.64737278153072,-37.64737278153072,-37.64737278153072,-37.64737278153072,1,0.0,0.0,100.0
suburban,synthetic_mst,K1,1.0,0.99,3,0,0,3,1.0,1.0,-59.588599035895335,-59.58859903589534,-59.58859903589534,-59.58859903589534,1,0.0,0.0,100.0
suburban,synthetic_mst,K2,0.0,0.94,3,3,0,0,0.0,0.0,0.0,0.0,0.0,0.0,1,100.0,0.0,0.0
suburban,synthetic_mst,K2,0.0,0.96,3,3,0,0,0.0,0.0,0.0,0.0,0.0,0.0,1,100.0,0.0,0.0
suburban,synthetic_mst,K2,0.0,0.98,3,3,0,0,0.0,0.0,0.0,0.0,0.0,0.0,1,100.0,0.0,0.0
suburban,synthetic_mst,K2,0.0,0.99,3,3,0,0,0.0,0.0,0.0,0.0,0.0,0.0,1,100.0,0.0,0.0
suburban,synthetic_mst,K2,0.25,0.94,3,3,0,0,0.0,0.0,0.0,0.0,0.0,0.0,1,100.0,0.0,0.0
suburban,synthetic_mst,K2,0.25,0.96,3,3,0,0,0.0,0.0,0.0,0.0,0.0,0.0,1,100.0,0.0,0.0
suburban,synthetic_mst,K2,0.25,0.98,3,1,2,0,0.031746031746031744,0.032437826725537654,-1.710545525315122,-0.5184435038313631,-4.6131930721140035,0.0,3,33.33333333333333,66.66666666666666,0.0
suburban,synthetic_mst,K2,0.25,0.99,3,1,2,0,0.07142857142857142,0.07016470513994737,-5.61825404854941,-7.004915100789246,-9.849847044858985,0.0,3,33.33333333333333,66.66666666666666,0.0
suburban,synthetic_mst,K2,0.5,0.94,3,3,0,0,0.0,0.0,0.0,0.0,0.0,0.0,1,100.0,0.0,0.0
suburban,synthetic_mst,K2,0.5,0.96,3,3,0,0,0.0,0.0,0.0,0.0,0.0,0.0,1,100.0,0.0,0.0
suburban,synthetic_mst,K2,0.5,0.98,3,0,3,0,0.08730158730158728,0.18700660662884958,-7.067662714750683,-2.893047334741376,-16.041428082685595,-2.268512726825079,3,0.0,100.0,0.0
suburban,synthetic_mst,K2,0.5,0.99,3,0,3,0,0.14285714285714285,0.26509087563324796,-16.321434746967615,-11.593115458241583,-27.710630369642924,-9.66055841301834,3,0.0,100.0,0.0
suburban,synthetic_mst,K2,0.75,0.94,3,3,0,0,0.0,0.0,0.0,0.0,0.0,0.0,1,100.0,0.0,0.0
suburban,synthetic_mst,K2,0.75,0.96,3,3,0,0,0.0,0.0,0.0,0.0,0.0,0.0,1,100.0,0.0,0.0
suburban,synthetic_mst,K2,0.75,0.98,3,0,3,0,0.23809523809523805,0.2625122994921688,-7.178288423198398,-5.755840540909644,-12.084217546476665,-3.694807182208886,3,0.0,100.0,0.0
suburban,synthetic_mst,K2,0.75,0.99,3,0,3,0,0.7380952380952381,0.7840791276065334,-29.62061903646048,-29.945480214724284,-30.050467601596075,-28.86590929306107,3,0.0,100.0,0.0
suburban,synthetic_mst,K2,1.0,0.94,3,3,0,0,0.0,0.0,0.0,0.0,0.0,0.0,1,100.0,0.0,0.0
suburban,synthetic_mst,K2,1.0,0.96,3,3,0,0,0.0,0.0,0.0,0.0,0.0,0.0,1,100.0,0.0,0.0
suburban,synthetic_mst,K2,1.0,0.98,3,0,0,3,1.0,1.0,-38.903705645804926,-38.90370564580492,-38.90370564580493,-38.90370564580492,1,0.0,0.0,100.0
suburban,synthetic_mst,K2,1.0,0.99,3,0,0,3,1.0,1.0,-60.03817639293985,-60.03817639293986,-60.03817639293986,-60.03817639293986,1,0.0,0.0,100.0
suburban,synthetic_mst,K3,0.0,0.94,3,3,0,0,0.0,0.0,0.0,0.0,0.0,0.0,1,100.0,0.0,0.0
suburban,synthetic_mst,K3,0.0,0.96,3,3,0,0,0.0,0.0,0.0,0.0,0.0,0.0,1,100.0,0.0,0.0
suburban,synthetic_mst,K3,0.0,0.98,3,3,0,0,0.0,0.0,0.0,0.0,0.0,0.0,1,100.0,0.0,0.0
suburban,synthetic_mst,K3,0.0,0.99,3,3,0,0,0.0,0.0,0.0,0.0,0.0,0.0,1,100.0,0.0,0.0
suburban,synthetic_mst,K3,0.25,0.94,3,3,0,0,0.0,0.0,0.0,0.0,0.0,0.0,1,100.0,0.0,0.0
suburban,synthetic_mst,K3,0.25,0.96,3,3,0,0,0.0,0.0,0.0,0.0,0.0,0.0,1,100.0,0.0,0.0
suburban,synthetic_mst,K3,0.25,0.98,3,1,2,0,0.031746031746031744,0.032437826725537654,-1.837824978387939,-0.5559944391416872,-4.9574804960221295,0.0,3,33.33333333333333,66.66666666666666,0.0
suburban,synthetic_mst,K3,0.25,0.99,3,1,2,0,0.07142857142857142,0.07016470513994737,-6.043869830888447,-7.528484259966291,-10.603125232699048,0.0,3,33.33333333333333,66.66666666666666,0.0
suburban,synthetic_mst,K3,0.5,0.94,3,3,0,0,0.0,0.0,0.0,0.0,0.0,0.0,1,100.0,0.0,0.0
suburban,synthetic_mst,K3,0.5,0.96,3,3,0,0,0.0,0.0,0.0,0.0,0.0,0.0,1,100.0,0.0,0.0
suburban,synthetic_mst,K3,0.5,0.98,3,0,3,0,0.08730158730158728,0.18700660662884958,-7.370628823260481,-3.0202223463275004,-16.748500686087027,-2.343163437366914,3,0.0,100.0,0.0
suburban,synthetic_mst,K3,0.5,0.99,3,0,3,0,0.14285714285714285,0.26509087563324796,-17.042727467980733,-12.113120665777917,-28.97429081757753,-10.040770920586754,3,0.0,100.0,0.0
suburban,synthetic_mst,K3,0.75,0.94,3,3,0,0,0.0,0.0,0.0,0.0,0.0,0.0,1,100.0,0.0,0.0
suburban,synthetic_mst,K3,0.75,0.96,3,3,0,0,0.0,0.0,0.0,0.0,0.0,0.0,1,100.0,0.0,0.0
suburban,synthetic_mst,K3,0.75,0.98,3,0,3,0,0.23809523809523805,0.2625122994921688,-7.389140052481717,-5.906230983217898,-12.45457887316851,-3.8066103010587438,3,0.0,100.0,0.0
suburban,synthetic_mst,K3,0.75,0.99,3,0,3,0,0.7380952380952381,0.7840791276065334,-29.391433839642875,-29.378286995697632,-29.525616835251018,-29.270397687979976,3,0.0,100.0,0.0
suburban,synthetic_mst,K3,1.0,0.94,3,3,0,0,0.0,0.0,0.0,0.0,0.0,0.0,1,100.0,0.0,0.0
suburban,synthetic_mst,K3,1.0,0.96,3,3,0,0,0.0,0.0,0.0,0.0,0.0,0.0,1,100.0,0.0,0.0
suburban,synthetic_mst,K3,1.0,0.98,3,0,0,3,1.0,1.0,-38.61855068115133,-38.61855068115133,-38.61855068115133,-38.61855068115133,1,0.0,0.0,100.0
suburban,synthetic_mst,K3,1.0,0.99,3,0,0,3,1.0,1.0,-60.32248949930729,-60.32248949930729,-60.32248949930729,-60.32248949930729,1,0.0,0.0,100.0
urban,original,K0,0.0,0.94,3,3,0,0,0.0,0.0,0.0,0.0,0.0,0.0,1,100.0,0.0,0.0
urban,original,K0,0.0,0.96,3,3,0,0,0.0,0.0,0.0,0.0,0.0,0.0,1,100.0,0.0,0.0
urban,original,K0,0.0,0.98,3,3,0,0,0.0,0.0,0.0,0.0,0.0,0.0,1,100.0,0.0,0.0
urban,original,K0,0.0,0.99,3,3,0,0,0.0,0.0,0.0,0.0,0.0,0.0,1,100.0,0.0,0.0
urban,original,K0,0.25,0.94,3,3,0,0,0.0,0.0,0.0,0.0,0.0,0.0,1,100.0,0.0,0.0
urban,original,K0,0.25,0.96,3,3,0,0,0.0,0.0,0.0,0.0,0.0,0.0,1,100.0,0.0,0.0
urban,original,K0,0.25,0.98,3,0,3,0,0.04678362573099415,0.10196128190691599,-11.753541120307952,-6.250994507016999,-27.04125809659539,-1.9683707573114717,3,0.0,100.0,0.0
urban,original,K0,0.25,0.99,3,0,3,0,0.06432748538011696,0.142534596106119,-23.210646733628295,-18.892782645090897,-46.206233297135185,-4.5329242586588085,3,0.0,100.0,0.0
urban,original,K0,0.5,0.94,3,3,0,0,0.0,0.0,0.0,0.0,0.0,0.0,1,100.0,0.0,0.0
urban,original,K0,0.5,0.96,3,3,0,0,0.0,0.0,0.0,0.0,0.0,0.0,1,100.0,0.0,0.0
urban,original,K0,0.5,0.98,3,0,3,0,0.16374269005847952,0.2434131877590203,-13.539473493496265,-10.225998616292884,-26.025528704081918,-4.366893160113989,3,0.0,100.0,0.0
urban,original,K0,0.5,0.99,3,0,3,0,0.21052631578947367,0.3064016484883904,-29.142727648598527,-21.83408958622073,-45.20558848420076,-20.3885048753741,3,0.0,100.0,0.0
urban,original,K0,0.75,0.94,3,3,0,0,0.0,0.0,0.0,0.0,0.0,0.0,1,100.0,0.0,0.0
urban,original,K0,0.75,0.96,3,3,0,0,0.0,0.0,0.0,0.0,0.0,0.0,1,100.0,0.0,0.0
urban,original,K0,0.75,0.98,3,0,3,0,0.3625730994152046,0.44957979160752465,-16.680040714735348,-15.161471865244863,-21.6722495946045,-13.206400684356682,3,0.0,100.0,0.0
urban,original,K0,0.75,0.99,3,0,3,0,0.584795321637427,0.6581032686760167,-36.44232125103445,-35.2920104669841,-39.484517077418815,-34.55043620870043,3,0.0,100.0,0.0
urban,original,K0,1.0,0.94,3,3,0,0,0.0,0.0,0.0,0.0,0.0,0.0,1,100.0,0.0,0.0
urban,original,K0,1.0,0.96,3,3,0,0,0.0,0.0,0.0,0.0,0.0,0.0,1,100.0,0.0,0.0
urban,original,K0,1.0,0.98,3,0,0,3,1.0,1.0,-33.549663065917066,-33.549663065917066,-33.54966306591708,-33.54966306591706,1,0.0,0.0,100.0
urban,original,K0,1.0,0.99,3,0,0,3,1.0,1.0,-57.77578642294296,-57.77578642294296,-57.775786422942964,-57.77578642294296,1,0.0,0.0,100.0
urban,original,K1,0.0,0.94,3,3,0,0,0.0,0.0,0.0,0.0,0.0,0.0,1,100.0,0.0,0.0
urban,original,K1,0.0,0.96,3,3,0,0,0.0,0.0,0.0,0.0,0.0,0.0,1,100.0,0.0,0.0
urban,original,K1,0.0,0.98,3,3,0,0,0.0,0.0,0.0,0.0,0.0,0.0,1,100.0,0.0,0.0
urban,original,K1,0.0,0.99,3,3,0,0,0.0,0.0,0.0,0.0,0.0,0.0,1,100.0,0.0,0.0
urban,original,K1,0.25,0.94,3,3,0,0,0.0,0.0,0.0,0.0,0.0,0.0,1,100.0,0.0,0.0
urban,original,K1,0.25,0.96,3,3,0,0,0.0,0.0,0.0,0.0,0.0,0.0,1,100.0,0.0,0.0
urban,original,K1,0.25,0.98,3,0,3,0,0.04678362573099415,0.10196128190691599,-10.346856041139825,-5.052271659360312,-24.623218077125664,-1.3650783869334964,3,0.0,100.0,0.0
urban,original,K1,0.25,0.99,3,0,3,0,0.06432748538011696,0.142534596106119,-21.458710280099627,-16.803663877536398,-43.65999048056703,-3.9124764821954585,3,0.0,100.0,0.0
urban,original,K1,0.5,0.94,3,3,0,0,0.0,0.0,0.0,0.0,0.0,0.0,1,100.0,0.0,0.0
urban,original,K1,0.5,0.96,3,3,0,0,0.0,0.0,0.0,0.0,0.0,0.0,1,100.0,0.0,0.0
urban,original,K1,0.5,0.98,3,0,3,0,0.15204678362573099,0.23805781275111615,-11.908994529759537,-8.57420136361254,-23.930114669426125,-3.2226675562399465,3,0.0,100.0,0.0
urban,original,K1,0.5,0.99,3,0,3,0,0.21052631578947367,0.3064016484883904,-26.94640768022164,-20.195900577183497,-42.79704958737272,-17.8462728761087,3,0.0,100.0,0.0
urban,original,K1,0.75,0.94,3,3,0,0,0.0,0.0,0.0,0.0,0.0,0.0,1,100.0,0.0,0.0
urban,original,K1,0.75,0.96,3,3,0,0,0.0,0.0,0.0,0.0,0.0,0.0,1,100.0,0.0,0.0
urban,original,K1,0.75,0.98,3,0,3,0,0.3567251461988304,0.4469021041035726,-14.620206335324683,-13.45757118841735,-19.358393790939576,-11.044654026617124,3,0.0,100.0,0.0
urban,original,K1,0.75,0.99,3,0,3,0,0.584795321637427,0.6581032686760167,-33.47983331753934,-32.23530255843285,-36.773902962639596,-31.43029443154557,3,0.0,100.0,0.0
urban,original,K1,1.0,0.94,3,3,0,0,0.0,0.0,0.0,0.0,0.0,0.0,1,100.0,0.0,0.0
urban,original,K1,1.0,0.96,3,3,0,0,0.0,0.0,0.0,0.0,0.0,0.0,1,100.0,0.0,0.0
urban,original,K1,1.0,0.98,3,0,0,3,1.0,1.0,-30.455215109277685,-30.455215109277685,-30.455215109277685,-30.455215109277674,1,0.0,0.0,100.0
urban,original,K1,1.0,0.99,3,0,0,3,1.0,1.0,-54.638100289657935,-54.63810028965794,-54.63810028965794,-54.638100289657935,1,0.0,0.0,100.0
urban,original,K2,0.0,0.94,3,3,0,0,0.0,0.0,0.0,0.0,0.0,0.0,1,100.0,0.0,0.0
urban,original,K2,0.0,0.96,3,3,0,0,0.0,0.0,0.0,0.0,0.0,0.0,1,100.0,0.0,0.0
urban,original,K2,0.0,0.98,3,3,0,0,0.0,0.0,0.0,0.0,0.0,0.0,1,100.0,0.0,0.0
urban,original,K2,0.0,0.99,3,3,0,0,0.0,0.0,0.0,0.0,0.0,0.0,1,100.0,0.0,0.0
urban,original,K2,0.25,0.94,3,3,0,0,0.0,0.0,0.0,0.0,0.0,0.0,1,100.0,0.0,0.0
urban,original,K2,0.25,0.96,3,3,0,0,0.0,0.0,0.0,0.0,0.0,0.0,1,100.0,0.0,0.0
urban,original,K2,0.25,0.98,3,0,3,0,0.04678362573099415,0.10196128190691599,-10.652497824980358,-5.4142492753475,-24.959939369369593,-1.583304830223981,3,0.0,100.0,0.0
urban,original,K2,0.25,0.99,3,0,3,0,0.06432748538011696,0.142534596106119,-21.582241895833302,-17.208999336426263,-43.47661938122588,-4.061106969847756,3,0.0,100.0,0.0
urban,original,K2,0.5,0.94,3,3,0,0,0.0,0.0,0.0,0.0,0.0,0.0,1,100.0,0.0,0.0
urban,original,K2,0.5,0.96,3,3,0,0,0.0,0.0,0.0,0.0,0.0,0.0,1,100.0,0.0,0.0
urban,original,K2,0.5,0.98,3,0,3,0,0.16374269005847952,0.2434131877590203,-12.471843722264417,-9.210372899473096,-24.506774862655746,-3.6983834046644106,3,0.0,100.0,0.0
urban,original,K2,0.5,0.99,3,0,3,0,0.21052631578947367,0.3064016484883904,-27.510265386488484,-20.610812081150264,-43.20867225983513,-18.71131181848006,3,0.0,100.0,0.0
urban,original,K2,0.75,0.94,3,3,0,0,0.0,0.0,0.0,0.0,0.0,0.0,1,100.0,0.0,0.0
urban,original,K2,0.75,0.96,3,3,0,0,0.0,0.0,0.0,0.0,0.0,0.0,1,100.0,0.0,0.0
urban,original,K2,0.75,0.98,3,0,3,0,0.3625730994152046,0.44957979160752465,-15.440626581628486,-14.102656684712617,-20.198860478171067,-12.020362582001773,3,0.0,100.0,0.0
urban,original,K2,0.75,0.99,3,0,3,0,0.584795321637427,0.6581032686760167,-34.72895768871757,-33.65118692973309,-37.9216353285646,-32.61405080785502,3,0.0,100.0,0.0
urban,original,K2,1.0,0.94,3,3,0,0,0.0,0.0,0.0,0.0,0.0,0.0,1,100.0,0.0,0.0
urban,original,K2,1.0,0.96,3,3,0,0,0.0,0.0,0.0,0.0,0.0,0.0,1,100.0,0.0,0.0
urban,original,K2,1.0,0.98,3,0,0,3,1.0,1.0,-31.962850553593565,-31.962850553593565,-31.962850553593565,-31.962850553593558,1,0.0,0.0,100.0
urban,original,K2,1.0,0.99,3,0,0,3,1.0,1.0,-55.96585806612236,-55.965858066122365,-55.965858066122365,-55.96585806612235,1,0.0,0.0,100.0
urban,original,K3,0.0,0.94,3,3,0,0,0.0,0.0,0.0,0.0,0.0,0.0,1,100.0,0.0,0.0
urban,original,K3,0.0,0.96,3,3,0,0,0.0,0.0,0.0,0.0,0.0,0.0,1,100.0,0.0,0.0
urban,original,K3,0.0,0.98,3,3,0,0,0.0,0.0,0.0,0.0,0.0,0.0,1,100.0,0.0,0.0
urban,original,K3,0.0,0.99,3,3,0,0,0.0,0.0,0.0,0.0,0.0,0.0,1,100.0,0.0,0.0
urban,original,K3,0.25,0.94,3,3,0,0,0.0,0.0,0.0,0.0,0.0,0.0,1,100.0,0.0,0.0
urban,original,K3,0.25,0.96,3,3,0,0,0.0,0.0,0.0,0.0,0.0,0.0,1,100.0,0.0,0.0
urban,original,K3,0.25,0.98,3,0,3,0,0.04678362573099415,0.10196128190691599,-10.838220327023095,-5.50668669730179,-25.401986470759812,-1.6059878130076797,3,0.0,100.0,0.0
urban,original,K3,0.25,0.99,3,0,3,0,0.06432748538011696,0.142534596106119,-21.979010873530267,-17.516031039512427,-44.287814265349965,-4.133187315728398,3,0.0,100.0,0.0
urban,original,K3,0.5,0.94,3,3,0,0,0.0,0.0,0.0,0.0,0.0,0.0,1,100.0,0.0,0.0
urban,original,K3,0.5,0.96,3,3,0,0,0.0,0.0,0.0,0.0,0.0,0.0,1,100.0,0.0,0.0
urban,original,K3,0.5,0.98,3,0,3,0,0.16374269005847952,0.2434131877590203,-12.56767676411963,-9.270005223911184,-24.708163678783265,-3.724861389664442,3,0.0,100.0,0.0
urban,original,K3,0.5,0.99,3,0,3,0,0.21052631578947367,0.3064016484883904,-27.747421836522722,-20.78951612213841,-43.603214747065074,-18.849534640364684,3,0.0,100.0,0.0
urban,original,K3,0.75,0.94,3,3,0,0,0.0,0.0,0.0,0.0,0.0,0.0,1,100.0,0.0,0.0
urban,original,K3,0.75,0.96,3,3,0,0,0.0,0.0,0.0,0.0,0.0,0.0,1,100.0,0.0,0.0
urban,original,K3,0.75,0.98,3,0,3,0,0.3625730994152046,0.44957979160752465,-15.480166747620709,-14.152530443378511,-20.291684656145193,-11.996285143338428,3,0.0,100.0,0.0
urban,original,K3,0.75,0.99,3,0,3,0,0.584795321637427,0.6581032686760167,-34.73465622779085,-33.57361781503103,-37.92518665400475,-32.705164214336776,3,0.0,100.0,0.0
urban,original,K3,1.0,0.94,3,3,0,0,0.0,0.0,0.0,0.0,0.0,0.0,1,100.0,0.0,0.0
urban,original,K3,1.0,0.96,3,3,0,0,0.0,0.0,0.0,0.0,0.0,0.0,1,100.0,0.0,0.0
urban,original,K3,1.0,0.98,3,0,0,3,1.0,1.0,-31.837787987305912,-31.837787987305905,-31.837787987305923,-31.837787987305905,1,0.0,0.0,100.0
urban,original,K3,1.0,0.99,3,0,0,3,1.0,1.0,-55.969214470781516,-55.969214470781516,-55.96921447078154,-55.969214470781516,1,0.0,0.0,100.0
urban,synthetic_mst,K0,0.0,0.94,3,3,0,0,0.0,0.0,0.0,0.0,0.0,0.0,1,100.0,0.0,0.0
urban,synthetic_mst,K0,0.0,0.96,3,3,0,0,0.0,0.0,0.0,0.0,0.0,0.0,1,100.0,0.0,0.0
urban,synthetic_mst,K0,0.0,0.98,3,3,0,0,0.0,0.0,0.0,0.0,0.0,0.0,1,100.0,0.0,0.0
urban,synthetic_mst,K0,0.0,0.99,3,3,0,0,0.0,0.0,0.0,0.0,0.0,0.0,1,100.0,0.0,0.0
urban,synthetic_mst,K0,0.25,0.94,3,3,0,0,0.0,0.0,0.0,0.0,0.0,0.0,1,100.0,0.0,0.0
urban,synthetic_mst,K0,0.25,0.96,3,3,0,0,0.0,0.0,0.0,0.0,0.0,0.0,1,100.0,0.0,0.0
urban,synthetic_mst,K0,0.25,0.98,3,0,3,0,0.03508771929824561,0.04516654543623336,-3.4011377281736945,-3.4960077248402395,-5.10170659226053,-1.6056988674203152,3,0.0,100.0,0.0
urban,synthetic_mst,K0,0.25,0.99,3,0,3,0,0.05263157894736842,0.08573985963543634,-8.533022833610131,-6.447333533876531,-15.453788102763166,-3.697946864190694,3,0.0,100.0,0.0
urban,synthetic_mst,K0,0.5,0.94,3,3,0,0,0.0,0.0,0.0,0.0,0.0,0.0,1,100.0,0.0,0.0
urban,synthetic_mst,K0,0.5,0.96,3,3,0,0,0.0,0.0,0.0,0.0,0.0,0.0,1,100.0,0.0,0.0
urban,synthetic_mst,K0,0.5,0.98,3,0,3,0,0.13450292397660818,0.1704694113240671,-8.029965071474523,-9.02177505759104,-12.714903364224451,-2.353216792608082,3,0.0,100.0,0.0
urban,synthetic_mst,K0,0.5,0.99,3,0,3,0,0.20467836257309938,0.2939752544649336,-19.55768128533333,-19.06862679407693,-24.58120850097093,-15.023208560952128,3,0.0,100.0,0.0
urban,synthetic_mst,K0,0.75,0.94,3,3,0,0,0.0,0.0,0.0,0.0,0.0,0.0,1,100.0,0.0,0.0
urban,synthetic_mst,K0,0.75,0.96,3,3,0,0,0.0,0.0,0.0,0.0,0.0,0.0,1,100.0,0.0,0.0
urban,synthetic_mst,K0,0.75,0.98,3,0,3,0,0.3625730994152046,0.37429764857938813,-10.529184735553685,-6.606407604365355,-19.357254055055574,-5.623892547240125,3,0.0,100.0,0.0
urban,synthetic_mst,K0,0.75,0.99,3,0,3,0,0.7894736842105262,0.8261336578267553,-27.480783935951262,-23.043825463448776,-38.26518236865467,-21.13334397575033,3,0.0,100.0,0.0
urban,synthetic_mst,K0,1.0,0.94,3,3,0,0,0.0,0.0,0.0,0.0,0.0,0.0,1,100.0,0.0,0.0
urban,synthetic_mst,K0,1.0,0.96,3,3,0,0,0.0,0.0,0.0,0.0,0.0,0.0,1,100.0,0.0,0.0
urban,synthetic_mst,K0,1.0,0.98,3,0,0,3,1.0,1.0,-37.36563500700128,-37.36563500700128,-37.36563500700129,-37.36563500700127,1,0.0,0.0,100.0
urban,synthetic_mst,K0,1.0,0.99,3,0,0,3,1.0,1.0,-60.22191631383105,-60.221916313831045,-60.22191631383106,-60.22191631383104,1,0.0,0.0,100.0
urban,synthetic_mst,K1,0.0,0.94,3,3,0,0,0.0,0.0,0.0,0.0,0.0,0.0,1,100.0,0.0,0.0
urban,synthetic_mst,K1,0.0,0.96,3,3,0,0,0.0,0.0,0.0,0.0,0.0,0.0,1,100.0,0.0,0.0
urban,synthetic_mst,K1,0.0,0.98,3,3,0,0,0.0,0.0,0.0,0.0,0.0,0.0,1,100.0,0.0,0.0
urban,synthetic_mst,K1,0.0,0.99,3,3,0,0,0.0,0.0,0.0,0.0,0.0,0.0,1,100.0,0.0,0.0
urban,synthetic_mst,K1,0.25,0.94,3,3,0,0,0.0,0.0,0.0,0.0,0.0,0.0,1,100.0,0.0,0.0
urban,synthetic_mst,K1,0.25,0.96,3,3,0,0,0.0,0.0,0.0,0.0,0.0,0.0,1,100.0,0.0,0.0
urban,synthetic_mst,K1,0.25,0.98,3,0,3,0,0.03508771929824561,0.04516654543623336,-2.7104491340222503,-2.96788902336191,-4.065673701033375,-1.0977846776714655,3,0.0,100.0,0.0
urban,synthetic_mst,K1,0.25,0.99,3,0,3,0,0.05263157894736842,0.08573985963543634,-7.521044723502501,-5.8580747944332945,-13.558369975208903,-3.1466894008653075,3,0.0,100.0,0.0
urban,synthetic_mst,K1,0.5,0.94,3,3,0,0,0.0,0.0,0.0,0.0,0.0,0.0,1,100.0,0.0,0.0
urban,synthetic_mst,K1,0.5,0.96,3,3,0,0,0.0,0.0,0.0,0.0,0.0,0.0,1,100.0,0.0,0.0
urban,synthetic_mst,K1,0.5,0.98,3,0,3,0,0.13450292397660818,0.1704694113240671,-6.970630253845232,-7.626607286636988,-11.559816696541695,-1.725466778357011,3,0.0,100.0,0.0
urban,synthetic_mst,K1,0.5,0.99,3,0,3,0,0.16374269005847952,0.22466087339103827,-16.969763819586518,-17.55362020271409,-20.346101575622264,-13.009569680423198,3,0.0,100.0,0.0
urban,synthetic_mst,K1,0.75,0.94,3,3,0,0,0.0,0.0,0.0,0.0,0.0,0.0,1,100.0,0.0,0.0
urban,synthetic_mst,K1,0.75,0.96,3,3,0,0,0.0,0.0,0.0,0.0,0.0,0.0,1,100.0,0.0,0.0
urban,synthetic_mst,K1,0.75,0.98,3,0,3,0,0.3625730994152046,0.37429764857938813,-8.820041688516373,-5.53247374401246,-16.80698305225082,-4.120668269285837,3,0.0,100.0,0.0
urban,synthetic_mst,K1,0.75,0.99,3,0,3,0,0.7894736842105262,0.8261336578267553,-24.356504952209406,-19.674197795367437,-35.556555056031556,-17.838762005229224,3,0.0,100.0,0.0
urban,synthetic_mst,K1,1.0,0.94,3,3,0,0,0.0,0.0,0.0,0.0,0.0,0.0,1,100.0,0.0,0.0
urban,synthetic_mst,K1,1.0,0.96,3,3,0,0,0.0,0.0,0.0,0.0,0.0,0.0,1,100.0,0.0,0.0
urban,synthetic_mst,K1,1.0,0.98,3,0,0,3,1.0,1.0,-35.03607796355375,-35.03607796355375,-35.03607796355375,-35.03607796355375,1,0.0,0.0,100.0
urban,synthetic_mst,K1,1.0,0.99,3,0,0,3,1.0,1.0,-57.74486700463822,-57.74486700463822,-57.74486700463822,-57.74486700463822,1,0.0,0.0,100.0
urban,synthetic_mst,K2,0.0,0.94,3,3,0,0,0.0,0.0,0.0,0.0,0.0,0.0,1,100.0,0.0,0.0
urban,synthetic_mst,K2,0.0,0.96,3,3,0,0,0.0,0.0,0.0,0.0,0.0,0.0,1,100.0,0.0,0.0
urban,synthetic_mst,K2,0.0,0.98,3,3,0,0,0.0,0.0,0.0,0.0,0.0,0.0,1,100.0,0.0,0.0
urban,synthetic_mst,K2,0.0,0.99,3,3,0,0,0.0,0.0,0.0,0.0,0.0,0.0,1,100.0,0.0,0.0
urban,synthetic_mst,K2,0.25,0.94,3,3,0,0,0.0,0.0,0.0,0.0,0.0,0.0,1,100.0,0.0,0.0
urban,synthetic_mst,K2,0.25,0.96,3,3,0,0,0.0,0.0,0.0,0.0,0.0,0.0,1,100.0,0.0,0.0
urban,synthetic_mst,K2,0.25,0.98,3,0,3,0,0.03508771929824561,0.04516654543623336,-2.7428719663332424,-2.912098348415733,-4.114307949499863,-1.2022096010841312,3,0.0,100.0,0.0
urban,synthetic_mst,K2,0.25,0.99,3,0,3,0,0.05263157894736842,0.08573985963543634,-7.25744395194858,-5.5664682668917544,-13.121923367815928,-3.0839402211380573,3,0.0,100.0,0.0
urban,synthetic_mst,K2,0.5,0.94,3,3,0,0,0.0,0.0,0.0,0.0,0.0,0.0,1,100.0,0.0,0.0
urban,synthetic_mst,K2,0.5,0.96,3,3,0,0,0.0,0.0,0.0,0.0,0.0,0.0,1,100.0,0.0,0.0
urban,synthetic_mst,K2,0.5,0.98,3,0,3,0,0.13450292397660818,0.1704694113240671,-7.05625352694016,-7.826150367138018,-11.447807061738276,-1.8948031519441837,3,0.0,100.0,0.0
urban,synthetic_mst,K2,0.5,0.99,3,0,3,0,0.20467836257309938,0.2939752544649336,-17.295701731819364,-17.27007865914039,-21.41019224667021,-13.206834289647496,3,0.0,100.0,0.0
urban,synthetic_mst,K2,0.75,0.94,3,3,0,0,0.0,0.0,0.0,0.0,0.0,0.0,1,100.0,0.0,0.0
urban,synthetic_mst,K2,0.75,0.96,3,3,0,0,0.0,0.0,0.0,0.0,0.0,0.0,1,100.0,0.0,0.0
urban,synthetic_mst,K2,0.75,0.98,3,0,3,0,0.3625730994152046,0.37429764857938813,-9.25447243550222,-5.796354484586055,-17.33712125562841,-4.629941566292193,3,0.0,100.0,0.0
urban,synthetic_mst,K2,0.75,0.99,3,0,3,0,0.7894736842105262,0.8261336578267553,-26.020430547302727,-22.210055935897355,-35.436621917314895,-20.41461378869594,3,0.0,100.0,0.0
urban,synthetic_mst,K2,1.0,0.94,3,3,0,0,0.0,0.0,0.0,0.0,0.0,0.0,1,100.0,0.0,0.0
urban,synthetic_mst,K2,1.0,0.96,3,3,0,0,0.0,0.0,0.0,0.0,0.0,0.0,1,100.0,0.0,0.0
urban,synthetic_mst,K2,1.0,0.98,3,0,0,3,1.0,1.0,-36.43851795689162,-36.43851795689162,-36.43851795689162,-36.43851795689162,1,0.0,0.0,100.0
urban,synthetic_mst,K2,1.0,0.99,3,0,0,3,1.0,1.0,-58.535794377128525,-58.535794377128525,-58.535794377128525,-58.53579437712851,1,0.0,0.0,100.0
urban,synthetic_mst,K3,0.0,0.94,3,3,0,0,0.0,0.0,0.0,0.0,0.0,0.0,1,100.0,0.0,0.0
urban,synthetic_mst,K3,0.0,0.96,3,3,0,0,0.0,0.0,0.0,0.0,0.0,0.0,1,100.0,0.0,0.0
urban,synthetic_mst,K3,0.0,0.98,3,3,0,0,0.0,0.0,0.0,0.0,0.0,0.0,1,100.0,0.0,0.0
urban,synthetic_mst,K3,0.0,0.99,3,3,0,0,0.0,0.0,0.0,0.0,0.0,0.0,1,100.0,0.0,0.0
urban,synthetic_mst,K3,0.25,0.94,3,3,0,0,0.0,0.0,0.0,0.0,0.0,0.0,1,100.0,0.0,0.0
urban,synthetic_mst,K3,0.25,0.96,3,3,0,0,0.0,0.0,0.0,0.0,0.0,0.0,1,100.0,0.0,0.0
urban,synthetic_mst,K3,0.25,0.98,3,0,3,0,0.03508771929824561,0.04516654543623336,-2.904077233561242,-3.0865122665185125,-4.356115850341844,-1.2696035838233686,3,0.0,100.0,0.0
urban,synthetic_mst,K3,0.25,0.99,3,0,3,0,0.05263157894736842,0.08573985963543634,-7.689344915420986,-5.905109083419978,-13.895168054204882,-3.2677576086381013,3,0.0,100.0,0.0
urban,synthetic_mst,K3,0.5,0.94,3,3,0,0,0.0,0.0,0.0,0.0,0.0,0.0,1,100.0,0.0,0.0
urban,synthetic_mst,K3,0.5,0.96,3,3,0,0,0.0,0.0,0.0,0.0,0.0,0.0,1,100.0,0.0,0.0
urban,synthetic_mst,K3,0.5,0.98,3,0,3,0,0.13450292397660818,0.1704694113240671,-7.285769247023597,-8.07333540580935,-11.829388957058345,-1.9545833782030948,3,0.0,100.0,0.0
urban,synthetic_mst,K3,0.5,0.99,3,0,3,0,0.16374269005847952,0.22466087339103827,-17.32269616705867,-17.85726618548292,-20.48903348398292,-13.621788831710166,3,0.0,100.0,0.0
urban,synthetic_mst,K3,0.75,0.94,3,3,0,0,0.0,0.0,0.0,0.0,0.0,0.0,1,100.0,0.0,0.0
urban,synthetic_mst,K3,0.75,0.96,3,3,0,0,0.0,0.0,0.0,0.0,0.0,0.0,1,100.0,0.0,0.0
urban,synthetic_mst,K3,0.75,0.98,3,0,3,0,0.3625730994152046,0.37429764857938813,-9.43858219681053,-5.917752421731665,-17.688005506102343,-4.709988662597583,3,0.0,100.0,0.0
urban,synthetic_mst,K3,0.75,0.99,3,0,3,0,0.7894736842105262,0.8261336578267553,-25.800651024319873,-21.498119152649227,-36.247009237317165,-19.656824682993225,3,0.0,100.0,0.0
urban,synthetic_mst,K3,1.0,0.94,3,3,0,0,0.0,0.0,0.0,0.0,0.0,0.0,1,100.0,0.0,0.0
urban,synthetic_mst,K3,1.0,0.96,3,3,0,0,0.0,0.0,0.0,0.0,0.0,0.0,1,100.0,0.0,0.0
urban,synthetic_mst,K3,1.0,0.98,3,0,0,3,1.0,1.0,-36.17083158345823,-36.170831583458224,-36.17083158345824,-36.17083158345822,1,0.0,0.0,100.0
urban,synthetic_mst,K3,1.0,0.99,3,0,0,3,1.0,1.0,-58.70136645833208,-58.70136645833208,-58.701366458332096,-58.70136645833208,1,0.0,0.0,100.0
