value_id,value,units,scenario,uncertainty,source_file,generator,version
mean_conductor_effect_pct,-6.174442543209833,%,central/original/K3/share0.5/seed20260924/eta0.98,range across three feeders,results/central_decomposition.csv,acdc_boundary.pipeline._manuscript_values,0.1.0
mean_hybrid_vs_ac_loss_change_pct,-11.173389291054042,%,central/original/K3/share0.5/seed20260924/eta0.98,range across three feeders,results/central_decomposition.csv,acdc_boundary.pipeline._manuscript_values,0.1.0
central_architecture_summary,rural: hybrid; suburban: hybrid; urban: hybrid,text,central/original/K3/share0.5/seed20260924/eta0.98,not applicable,results/central_decomposition.csv,acdc_boundary.pipeline._manuscript_values,0.1.0
median_validation_error_pct,1.4082432779974492,%,SimBench benchmark operating point,range across three feeders,results/validation_results.csv,acdc_boundary.validation.validate_all_ac,0.1.0
scenario_cell_count,7200,rows,full factorial,not applicable,results/scenario_results.csv,acdc_boundary.pipeline._run_scenarios,0.1.0
joint_hybrid_selected_pct,27.708333333333336,%,all hybrid-joint cells,descriptive across factorial cells,results/phase_diagram.csv,acdc_boundary.pipeline._manuscript_values,0.1.0
joint_all_ac_selected_pct,62.291666666666664,%,all hybrid-joint cells,descriptive across factorial cells,results/phase_diagram.csv,acdc_boundary.pipeline._manuscript_values,0.1.0
joint_root_dc_selected_pct,10.0,%,all hybrid-joint cells,descriptive across factorial cells,results/phase_diagram.csv,acdc_boundary.pipeline._manuscript_values,0.1.0
paired_loss_change_median_pct,0.0,%,"hybrid-joint versus conductor-optimized AC, all cells",factorial distribution,results/uncertainty_summary.csv,acdc_boundary.pipeline._manuscript_values,0.1.0
paired_loss_change_q05_pct,-46.6278266467613,%,"hybrid-joint versus conductor-optimized AC, all cells",5th percentile,results/uncertainty_summary.csv,acdc_boundary.pipeline._manuscript_values,0.1.0
paired_loss_change_q95_pct,0.0,%,"hybrid-joint versus conductor-optimized AC, all cells",95th percentile,results/uncertainty_summary.csv,acdc_boundary.pipeline._manuscript_values,0.1.0
constraint_violation_cells,0,cells,all hybrid-joint cells,screening diagnostic,results/phase_diagram.csv,acdc_boundary.pipeline._manuscript_values,0.1.0
joint_cell_count,1440,cells,all joint-optimization cells,not applicable,results/phase_diagram.csv,acdc_boundary.pipeline._manuscript_values,0.1.0
joint_cells_per_efficiency,360,cells,balanced joint grid per efficiency,deterministic factorial cell count,results/phase_diagram.csv,acdc_boundary.pipeline._manuscript_values,0.1.0
joint_cells_per_native_share,288,cells,balanced joint grid per native_share,deterministic factorial cell count,results/phase_diagram.csv,acdc_boundary.pipeline._manuscript_values,0.1.0
joint_cells_per_feeder,480,cells,balanced joint grid per feeder,deterministic factorial cell count,results/phase_diagram.csv,acdc_boundary.pipeline._manuscript_values,0.1.0
joint_all_ac_selected_cells,897,cells,all joint-optimization cells,not applicable,results/phase_diagram.csv,acdc_boundary.pipeline._manuscript_values,0.1.0
joint_hybrid_selected_cells,399,cells,all joint-optimization cells,not applicable,results/phase_diagram.csv,acdc_boundary.pipeline._manuscript_values,0.1.0
joint_root_dc_selected_cells,144,cells,all joint-optimization cells,not applicable,results/phase_diagram.csv,acdc_boundary.pipeline._manuscript_values,0.1.0
joint_efficiency_94_all_ac_cells,360,cells,joint cells at 94% boundary efficiency,descriptive scenario-grid count,results/phase_diagram.csv,acdc_boundary.pipeline._manuscript_values,0.1.0
joint_efficiency_94_hybrid_cells,0,cells,joint cells at 94% boundary efficiency,descriptive scenario-grid count,results/phase_diagram.csv,acdc_boundary.pipeline._manuscript_values,0.1.0
joint_efficiency_94_root_dc_cells,0,cells,joint cells at 94% boundary efficiency,descriptive scenario-grid count,results/phase_diagram.csv,acdc_boundary.pipeline._manuscript_values,0.1.0
joint_efficiency_96_all_ac_cells,360,cells,joint cells at 96% boundary efficiency,descriptive scenario-grid count,results/phase_diagram.csv,acdc_boundary.pipeline._manuscript_values,0.1.0
joint_efficiency_96_hybrid_cells,0,cells,joint cells at 96% boundary efficiency,descriptive scenario-grid count,results/phase_diagram.csv,acdc_boundary.pipeline._manuscript_values,0.1.0
joint_efficiency_96_root_dc_cells,0,cells,joint cells at 96% boundary efficiency,descriptive scenario-grid count,results/phase_diagram.csv,acdc_boundary.pipeline._manuscript_values,0.1.0
joint_efficiency_98_all_ac_cells,93,cells,joint cells at 98% boundary efficiency,descriptive scenario-grid count,results/phase_diagram.csv,acdc_boundary.pipeline._manuscript_values,0.1.0
joint_efficiency_98_hybrid_cells,195,cells,joint cells at 98% boundary efficiency,descriptive scenario-grid count,results/phase_diagram.csv,acdc_boundary.pipeline._manuscript_values,0.1.0
joint_efficiency_98_root_dc_cells,72,cells,joint cells at 98% boundary efficiency,descriptive scenario-grid count,results/phase_diagram.csv,acdc_boundary.pipeline._manuscript_values,0.1.0
joint_efficiency_99_all_ac_cells,84,cells,joint cells at 99% boundary efficiency,descriptive scenario-grid count,results/phase_diagram.csv,acdc_boundary.pipeline._manuscript_values,0.1.0
joint_efficiency_99_hybrid_cells,204,cells,joint cells at 99% boundary efficiency,descriptive scenario-grid count,results/phase_diagram.csv,acdc_boundary.pipeline._manuscript_values,0.1.0
joint_efficiency_99_root_dc_cells,72,cells,joint cells at 99% boundary efficiency,descriptive scenario-grid count,results/phase_diagram.csv,acdc_boundary.pipeline._manuscript_values,0.1.0
joint_native_share_0_all_ac_cells,288,cells,joint cells at 0% native-DC annual energy,descriptive scenario-grid count,results/phase_diagram.csv,acdc_boundary.pipeline._manuscript_values,0.1.0
joint_native_share_0_hybrid_cells,0,cells,joint cells at 0% native-DC annual energy,descriptive scenario-grid count,results/phase_diagram.csv,acdc_boundary.pipeline._manuscript_values,0.1.0
joint_native_share_0_root_dc_cells,0,cells,joint cells at 0% native-DC annual energy,descriptive scenario-grid count,results/phase_diagram.csv,acdc_boundary.pipeline._manuscript_values,0.1.0
joint_native_share_25_all_ac_cells,177,cells,joint cells at 25% native-DC annual energy,descriptive scenario-grid count,results/phase_diagram.csv,acdc_boundary.pipeline._manuscript_values,0.1.0
joint_native_share_25_hybrid_cells,111,cells,joint cells at 25% native-DC annual energy,descriptive scenario-grid count,results/phase_diagram.csv,acdc_boundary.pipeline._manuscript_values,0.1.0
joint_native_share_25_root_dc_cells,0,cells,joint cells at 25% native-DC annual energy,descriptive scenario-grid count,results/phase_diagram.csv,acdc_boundary.pipeline._manuscript_values,0.1.0
joint_native_share_50_all_ac_cells,144,cells,joint cells at 50% native-DC annual energy,descriptive scenario-grid count,results/phase_diagram.csv,acdc_boundary.pipeline._manuscript_values,0.1.0
joint_native_share_50_hybrid_cells,144,cells,joint cells at 50% native-DC annual energy,descriptive scenario-grid count,results/phase_diagram.csv,acdc_boundary.pipeline._manuscript_values,0.1.0
joint_native_share_50_root_dc_cells,0,cells,joint cells at 50% native-DC annual energy,descriptive scenario-grid count,results/phase_diagram.csv,acdc_boundary.pipeline._manuscript_values,0.1.0
joint_native_share_75_all_ac_cells,144,cells,joint cells at 75% native-DC annual energy,descriptive scenario-grid count,results/phase_diagram.csv,acdc_boundary.pipeline._manuscript_values,0.1.0
joint_native_share_75_hybrid_cells,144,cells,joint cells at 75% native-DC annual energy,descriptive scenario-grid count,results/phase_diagram.csv,acdc_boundary.pipeline._manuscript_values,0.1.0
joint_native_share_75_root_dc_cells,0,cells,joint cells at 75% native-DC annual energy,descriptive scenario-grid count,results/phase_diagram.csv,acdc_boundary.pipeline._manuscript_values,0.1.0
joint_native_share_100_all_ac_cells,144,cells,joint cells at 100% native-DC annual energy,descriptive scenario-grid count,results/phase_diagram.csv,acdc_boundary.pipeline._manuscript_values,0.1.0
joint_native_share_100_hybrid_cells,0,cells,joint cells at 100% native-DC annual energy,descriptive scenario-grid count,results/phase_diagram.csv,acdc_boundary.pipeline._manuscript_values,0.1.0
joint_native_share_100_root_dc_cells,144,cells,joint cells at 100% native-DC annual energy,descriptive scenario-grid count,results/phase_diagram.csv,acdc_boundary.pipeline._manuscript_values,0.1.0
joint_repeated_outcome_group_rows,733,rows,joint outcome signatures excluding spatial seed,not applicable,results/factorial_structure.csv,acdc_boundary.pipeline._manuscript_values,0.1.0
joint_unique_outcome_rows_excluding_seed,990,rows,joint outcome signatures excluding spatial seed,not applicable,results/factorial_structure.csv,acdc_boundary.pipeline._manuscript_values,0.1.0
design_case_count,5,design cells,nested attribution design,declared design-cell count,results/factorial_structure.csv,acdc_boundary.pipeline._manuscript_values,0.1.0
config_ac_voltage_line_line_v,400.0,V,frozen analysis configuration,not applicable,configs/analysis_plan.yaml,acdc_boundary.pipeline._manuscript_values,0.1.0
config_dc_voltage_pole_to_pole_v,750.0,V,frozen analysis configuration,not applicable,configs/analysis_plan.yaml,acdc_boundary.pipeline._manuscript_values,0.1.0
config_power_factor,0.95,p.u.,frozen analysis configuration,not applicable,configs/analysis_plan.yaml,acdc_boundary.pipeline._manuscript_values,0.1.0
config_endpoint_efficiency,0.96,p.u.,frozen analysis configuration,not applicable,configs/analysis_plan.yaml,acdc_boundary.pipeline._manuscript_values,0.1.0
config_converter_standby_fraction,0.002,fraction of rated power,frozen analysis configuration,not applicable,configs/analysis_plan.yaml,acdc_boundary.pipeline._manuscript_values,0.1.0
config_material_weight,3.0,normalized objective weight,frozen analysis configuration,not applicable,configs/analysis_plan.yaml,acdc_boundary.pipeline._manuscript_values,0.1.0
config_converter_capacity_weight,2.0,normalized objective weight,frozen analysis configuration,not applicable,configs/analysis_plan.yaml,acdc_boundary.pipeline._manuscript_values,0.1.0
config_ampacity_limit_fraction,1.0,p.u.,frozen analysis configuration,not applicable,configs/analysis_plan.yaml,acdc_boundary.pipeline._manuscript_values,0.1.0
config_voltage_drop_limit_pu,0.05,p.u.,frozen analysis configuration,not applicable,configs/analysis_plan.yaml,acdc_boundary.pipeline._manuscript_values,0.1.0
config_feeders_count,3,count,frozen analysis configuration,not applicable,configs/analysis_plan.yaml,acdc_boundary.pipeline._manuscript_values,0.1.0
config_topologies_count,2,count,frozen analysis configuration,not applicable,configs/analysis_plan.yaml,acdc_boundary.pipeline._manuscript_values,0.1.0
config_portfolios_count,4,count,frozen analysis configuration,not applicable,configs/analysis_plan.yaml,acdc_boundary.pipeline._manuscript_values,0.1.0
config_native_dc_shares_count,5,count,frozen analysis configuration,not applicable,configs/analysis_plan.yaml,acdc_boundary.pipeline._manuscript_values,0.1.0
config_spatial_seeds_count,3,count,frozen analysis configuration,not applicable,configs/analysis_plan.yaml,acdc_boundary.pipeline._manuscript_values,0.1.0
config_converter_efficiencies_count,4,count,frozen analysis configuration,not applicable,configs/analysis_plan.yaml,acdc_boundary.pipeline._manuscript_values,0.1.0
config_conductor_scale_options_count,3,count,frozen analysis configuration,not applicable,configs/analysis_plan.yaml,acdc_boundary.pipeline._manuscript_values,0.1.0
central_native_dc_share_pct,50.0,%,central setting,not applicable,configs/analysis_plan.yaml,acdc_boundary.pipeline._manuscript_values,0.1.0
central_boundary_efficiency_pct,98.0,%,central setting,not applicable,configs/analysis_plan.yaml,acdc_boundary.pipeline._manuscript_values,0.1.0
central_spatial_seed,20260924,seed,central setting,not applicable,configs/analysis_plan.yaml,acdc_boundary.pipeline._manuscript_values,0.1.0
central_rural_original_inherited_ac_loss_kwh,4360.648718367322,kWh/year,central matched attribution cell,descriptive modeled contrast,results/feeder_attribution.csv,acdc_boundary.pipeline._manuscript_values,0.1.0
central_rural_original_conductor_optimized_ac_loss_kwh,4217.303402418491,kWh/year,central matched attribution cell,descriptive modeled contrast,results/feeder_attribution.csv,acdc_boundary.pipeline._manuscript_values,0.1.0
central_rural_original_fixed_conductor_hybrid_loss_kwh,3538.4652450298827,kWh/year,central matched attribution cell,descriptive modeled contrast,results/feeder_attribution.csv,acdc_boundary.pipeline._manuscript_values,0.1.0
central_rural_original_joint_hybrid_loss_kwh,3396.380823853936,kWh/year,central matched attribution cell,descriptive modeled contrast,results/feeder_attribution.csv,acdc_boundary.pipeline._manuscript_values,0.1.0
central_rural_original_electrical_ideal_hybrid_loss_kwh,143.38883408910806,kWh/year,central matched attribution cell,descriptive modeled contrast,results/feeder_attribution.csv,acdc_boundary.pipeline._manuscript_values,0.1.0
central_rural_original_conductor_contrast_pct,-3.287247499323931,%,central matched attribution cell,descriptive modeled contrast,results/feeder_attribution.csv,acdc_boundary.pipeline._manuscript_values,0.1.0
central_rural_original_fixed_design_dc_permission_contrast_pct,-18.854613761350496,%,central matched attribution cell,descriptive modeled contrast,results/feeder_attribution.csv,acdc_boundary.pipeline._manuscript_values,0.1.0
central_rural_original_joint_incremental_architecture_contrast_pct,-19.46558025902954,%,central matched attribution cell,descriptive modeled contrast,results/feeder_attribution.csv,acdc_boundary.pipeline._manuscript_values,0.1.0
central_rural_original_ideal_conversion_upper_bound_contrast_pct,-96.59998770762192,%,central matched attribution cell,descriptive modeled contrast,results/feeder_attribution.csv,acdc_boundary.pipeline._manuscript_values,0.1.0
central_rural_original_topology_sensitivity_vs_original_joint_pct,0.0,%,central matched attribution cell,descriptive modeled contrast,results/feeder_attribution.csv,acdc_boundary.pipeline._manuscript_values,0.1.0
central_rural_original_joint_dc_bus_fraction,0.15384615384615385,fraction,central matched attribution cell,descriptive modeled contrast,results/feeder_attribution.csv,acdc_boundary.pipeline._manuscript_values,0.1.0
central_rural_original_joint_dc_energy_fraction,0.2973106396319272,fraction,central matched attribution cell,descriptive modeled contrast,results/feeder_attribution.csv,acdc_boundary.pipeline._manuscript_values,0.1.0
central_rural_original_joint_boundary_count,2.0,count,central matched attribution cell,descriptive modeled contrast,results/feeder_attribution.csv,acdc_boundary.pipeline._manuscript_values,0.1.0
central_rural_original_joint_architecture,hybrid,text,central matched attribution cell,not applicable,results/feeder_attribution.csv,acdc_boundary.pipeline._manuscript_values,0.1.0
central_rural_synthetic_mst_inherited_ac_loss_kwh,4595.118655170577,kWh/year,central matched attribution cell,descriptive modeled contrast,results/feeder_attribution.csv,acdc_boundary.pipeline._manuscript_values,0.1.0
central_rural_synthetic_mst_conductor_optimized_ac_loss_kwh,4334.676198666262,kWh/year,central matched attribution cell,descriptive modeled contrast,results/feeder_attribution.csv,acdc_boundary.pipeline._manuscript_values,0.1.0
central_rural_synthetic_mst_fixed_conductor_hybrid_loss_kwh,3975.4647318485972,kWh/year,central matched attribution cell,descriptive modeled contrast,results/feeder_attribution.csv,acdc_boundary.pipeline._manuscript_values,0.1.0
central_rural_synthetic_mst_joint_hybrid_loss_kwh,3717.3965258057306,kWh/year,central matched attribution cell,descriptive modeled contrast,results/feeder_attribution.csv,acdc_boundary.pipeline._manuscript_values,0.1.0
central_rural_synthetic_mst_electrical_ideal_hybrid_loss_kwh,260.76163033687936,kWh/year,central matched attribution cell,descriptive modeled contrast,results/feeder_attribution.csv,acdc_boundary.pipeline._manuscript_values,0.1.0
central_rural_synthetic_mst_conductor_contrast_pct,-5.6678069936508875,%,central matched attribution cell,descriptive modeled contrast,results/feeder_attribution.csv,acdc_boundary.pipeline._manuscript_values,0.1.0
central_rural_synthetic_mst_fixed_design_dc_permission_contrast_pct,-13.48504728217899,%,central matched attribution cell,descriptive modeled contrast,results/feeder_attribution.csv,acdc_boundary.pipeline._manuscript_values,0.1.0
central_rural_synthetic_mst_joint_incremental_architecture_contrast_pct,-14.24050250974831,%,central matched attribution cell,descriptive modeled contrast,results/feeder_attribution.csv,acdc_boundary.pipeline._manuscript_values,0.1.0
central_rural_synthetic_mst_ideal_conversion_upper_bound_contrast_pct,-93.98428813628308,%,central matched attribution cell,descriptive modeled contrast,results/feeder_attribution.csv,acdc_boundary.pipeline._manuscript_values,0.1.0
central_rural_synthetic_mst_topology_sensitivity_vs_original_joint_pct,9.451699282282846,%,central matched attribution cell,descriptive modeled contrast,results/feeder_attribution.csv,acdc_boundary.pipeline._manuscript_values,0.1.0
central_rural_synthetic_mst_joint_dc_bus_fraction,0.15384615384615385,fraction,central matched attribution cell,descriptive modeled contrast,results/feeder_attribution.csv,acdc_boundary.pipeline._manuscript_values,0.1.0
central_rural_synthetic_mst_joint_dc_energy_fraction,0.22528925097048377,fraction,central matched attribution cell,descriptive modeled contrast,results/feeder_attribution.csv,acdc_boundary.pipeline._manuscript_values,0.1.0
central_rural_synthetic_mst_joint_boundary_count,2.0,count,central matched attribution cell,descriptive modeled contrast,results/feeder_attribution.csv,acdc_boundary.pipeline._manuscript_values,0.1.0
central_rural_synthetic_mst_joint_architecture,hybrid,text,central matched attribution cell,not applicable,results/feeder_attribution.csv,acdc_boundary.pipeline._manuscript_values,0.1.0
central_suburban_original_inherited_ac_loss_kwh,10070.623606682118,kWh/year,central matched attribution cell,descriptive modeled contrast,results/feeder_attribution.csv,acdc_boundary.pipeline._manuscript_values,0.1.0
central_suburban_original_conductor_optimized_ac_loss_kwh,8992.580477320922,kWh/year,central matched attribution cell,descriptive modeled contrast,results/feeder_attribution.csv,acdc_boundary.pipeline._manuscript_values,0.1.0
central_suburban_original_fixed_conductor_hybrid_loss_kwh,9123.498969075265,kWh/year,central matched attribution cell,descriptive modeled contrast,results/feeder_attribution.csv,acdc_boundary.pipeline._manuscript_values,0.1.0
central_suburban_original_joint_hybrid_loss_kwh,8063.6715334987,kWh/year,central matched attribution cell,descriptive modeled contrast,results/feeder_attribution.csv,acdc_boundary.pipeline._manuscript_values,0.1.0
central_suburban_original_electrical_ideal_hybrid_loss_kwh,590.9244260812835,kWh/year,central matched attribution cell,descriptive modeled contrast,results/feeder_attribution.csv,acdc_boundary.pipeline._manuscript_values,0.1.0
central_suburban_original_conductor_contrast_pct,-10.704829923798235,%,central matched attribution cell,descriptive modeled contrast,results/feeder_attribution.csv,acdc_boundary.pipeline._manuscript_values,0.1.0
central_suburban_original_fixed_design_dc_permission_contrast_pct,-9.4048261021136,%,central matched attribution cell,descriptive modeled contrast,results/feeder_attribution.csv,acdc_boundary.pipeline._manuscript_values,0.1.0
central_suburban_original_joint_incremental_architecture_contrast_pct,-10.329726224468143,%,central matched attribution cell,descriptive modeled contrast,results/feeder_attribution.csv,acdc_boundary.pipeline._manuscript_values,0.1.0
central_suburban_original_ideal_conversion_upper_bound_contrast_pct,-93.42875576624996,%,central matched attribution cell,descriptive modeled contrast,results/feeder_attribution.csv,acdc_boundary.pipeline._manuscript_values,0.1.0
central_suburban_original_topology_sensitivity_vs_original_joint_pct,0.0,%,central matched attribution cell,descriptive modeled contrast,results/feeder_attribution.csv,acdc_boundary.pipeline._manuscript_values,0.1.0
central_suburban_original_joint_dc_bus_fraction,0.07142857142857142,fraction,central matched attribution cell,descriptive modeled contrast,results/feeder_attribution.csv,acdc_boundary.pipeline._manuscript_values,0.1.0
central_suburban_original_joint_dc_energy_fraction,0.29681650015578126,fraction,central matched attribution cell,descriptive modeled contrast,results/feeder_attribution.csv,acdc_boundary.pipeline._manuscript_values,0.1.0
central_suburban_original_joint_boundary_count,3.0,count,central matched attribution cell,descriptive modeled contrast,results/feeder_attribution.csv,acdc_boundary.pipeline._manuscript_values,0.1.0
central_suburban_original_joint_architecture,hybrid,text,central matched attribution cell,not applicable,results/feeder_attribution.csv,acdc_boundary.pipeline._manuscript_values,0.1.0
central_suburban_synthetic_mst_inherited_ac_loss_kwh,12336.049656802526,kWh/year,central matched attribution cell,descriptive modeled contrast,results/feeder_attribution.csv,acdc_boundary.pipeline._manuscript_values,0.1.0
central_suburban_synthetic_mst_conductor_optimized_ac_loss_kwh,10125.640843612855,kWh/year,central matched attribution cell,descriptive modeled contrast,results/feeder_attribution.csv,acdc_boundary.pipeline._manuscript_values,0.1.0
central_suburban_synthetic_mst_fixed_conductor_hybrid_loss_kwh,12089.306028081455,kWh/year,central matched attribution cell,descriptive modeled contrast,results/feeder_attribution.csv,acdc_boundary.pipeline._manuscript_values,0.1.0
central_suburban_synthetic_mst_joint_hybrid_loss_kwh,9888.380529566228,kWh/year,central matched attribution cell,descriptive modeled contrast,results/feeder_attribution.csv,acdc_boundary.pipeline._manuscript_values,0.1.0
central_suburban_synthetic_mst_electrical_ideal_hybrid_loss_kwh,1135.888414715133,kWh/year,central matched attribution cell,descriptive modeled contrast,results/feeder_attribution.csv,acdc_boundary.pipeline._manuscript_values,0.1.0
central_suburban_synthetic_mst_conductor_contrast_pct,-17.918287253089773,%,central matched attribution cell,descriptive modeled contrast,results/feeder_attribution.csv,acdc_boundary.pipeline._manuscript_values,0.1.0
central_suburban_synthetic_mst_fixed_design_dc_permission_contrast_pct,-2.0001834913578533,%,central matched attribution cell,descriptive modeled contrast,results/feeder_attribution.csv,acdc_boundary.pipeline._manuscript_values,0.1.0
central_suburban_synthetic_mst_joint_incremental_architecture_contrast_pct,-2.343163437366914,%,central matched attribution cell,descriptive modeled contrast,results/feeder_attribution.csv,acdc_boundary.pipeline._manuscript_values,0.1.0
central_suburban_synthetic_mst_ideal_conversion_upper_bound_contrast_pct,-88.78205900980934,%,central matched attribution cell,descriptive modeled contrast,results/feeder_attribution.csv,acdc_boundary.pipeline._manuscript_values,0.1.0
central_suburban_synthetic_mst_topology_sensitivity_vs_original_joint_pct,22.62876145794365,%,central matched attribution cell,descriptive modeled contrast,results/feeder_attribution.csv,acdc_boundary.pipeline._manuscript_values,0.1.0
central_suburban_synthetic_mst_joint_dc_bus_fraction,0.07142857142857142,fraction,central matched attribution cell,descriptive modeled contrast,results/feeder_attribution.csv,acdc_boundary.pipeline._manuscript_values,0.1.0
central_suburban_synthetic_mst_joint_dc_energy_fraction,0.17902184084543885,fraction,central matched attribution cell,descriptive modeled contrast,results/feeder_attribution.csv,acdc_boundary.pipeline._manuscript_values,0.1.0
central_suburban_synthetic_mst_joint_boundary_count,3.0,count,central matched attribution cell,descriptive modeled contrast,results/feeder_attribution.csv,acdc_boundary.pipeline._manuscript_values,0.1.0
central_suburban_synthetic_mst_joint_architecture,hybrid,text,central matched attribution cell,not applicable,results/feeder_attribution.csv,acdc_boundary.pipeline._manuscript_values,0.1.0
central_urban_original_inherited_ac_loss_kwh,12052.019003994177,kWh/year,central matched attribution cell,descriptive modeled contrast,results/feeder_attribution.csv,acdc_boundary.pipeline._manuscript_values,0.1.0
central_urban_original_conductor_optimized_ac_loss_kwh,11505.911867987388,kWh/year,central matched attribution cell,descriptive modeled contrast,results/feeder_attribution.csv,acdc_boundary.pipeline._manuscript_values,0.1.0
central_urban_original_fixed_conductor_hybrid_loss_kwh,11622.970669478736,kWh/year,central matched attribution cell,descriptive modeled contrast,results/feeder_attribution.csv,acdc_boundary.pipeline._manuscript_values,0.1.0
central_urban_original_joint_hybrid_loss_kwh,11077.332599287907,kWh/year,central matched attribution cell,descriptive modeled contrast,results/feeder_attribution.csv,acdc_boundary.pipeline._manuscript_values,0.1.0
central_urban_original_electrical_ideal_hybrid_loss_kwh,378.1970683324318,kWh/year,central matched attribution cell,descriptive modeled contrast,results/feeder_attribution.csv,acdc_boundary.pipeline._manuscript_values,0.1.0
central_urban_original_conductor_contrast_pct,-4.531250206507332,%,central matched attribution cell,descriptive modeled contrast,results/feeder_attribution.csv,acdc_boundary.pipeline._manuscript_values,0.1.0
central_urban_original_fixed_design_dc_permission_contrast_pct,-3.559970610511394,%,central matched attribution cell,descriptive modeled contrast,results/feeder_attribution.csv,acdc_boundary.pipeline._manuscript_values,0.1.0
central_urban_original_joint_incremental_architecture_contrast_pct,-3.724861389664442,%,central matched attribution cell,descriptive modeled contrast,results/feeder_attribution.csv,acdc_boundary.pipeline._manuscript_values,0.1.0
central_urban_original_ideal_conversion_upper_bound_contrast_pct,-96.71301959660684,%,central matched attribution cell,descriptive modeled contrast,results/feeder_attribution.csv,acdc_boundary.pipeline._manuscript_values,0.1.0
central_urban_original_topology_sensitivity_vs_original_joint_pct,0.0,%,central matched attribution cell,descriptive modeled contrast,results/feeder_attribution.csv,acdc_boundary.pipeline._manuscript_values,0.1.0
central_urban_original_joint_dc_bus_fraction,0.14035087719298245,fraction,central matched attribution cell,descriptive modeled contrast,results/feeder_attribution.csv,acdc_boundary.pipeline._manuscript_values,0.1.0
central_urban_original_joint_dc_energy_fraction,0.10600953055601293,fraction,central matched attribution cell,descriptive modeled contrast,results/feeder_attribution.csv,acdc_boundary.pipeline._manuscript_values,0.1.0
central_urban_original_joint_boundary_count,5.0,count,central matched attribution cell,descriptive modeled contrast,results/feeder_attribution.csv,acdc_boundary.pipeline._manuscript_values,0.1.0
central_urban_original_joint_architecture,hybrid,text,central matched attribution cell,not applicable,results/feeder_attribution.csv,acdc_boundary.pipeline._manuscript_values,0.1.0
central_urban_synthetic_mst_inherited_ac_loss_kwh,15245.717466821836,kWh/year,central matched attribution cell,descriptive modeled contrast,results/feeder_attribution.csv,acdc_boundary.pipeline._manuscript_values,0.1.0
central_urban_synthetic_mst_conductor_optimized_ac_loss_kwh,13101.919549693175,kWh/year,central matched attribution cell,descriptive modeled contrast,results/feeder_attribution.csv,acdc_boundary.pipeline._manuscript_values,0.1.0
central_urban_synthetic_mst_fixed_conductor_hybrid_loss_kwh,14989.128048870574,kWh/year,central matched attribution cell,descriptive modeled contrast,results/feeder_attribution.csv,acdc_boundary.pipeline._manuscript_values,0.1.0
central_urban_synthetic_mst_joint_hybrid_loss_kwh,12845.83160794933,kWh/year,central matched attribution cell,descriptive modeled contrast,results/feeder_attribution.csv,acdc_boundary.pipeline._manuscript_values,0.1.0
central_urban_synthetic_mst_electrical_ideal_hybrid_loss_kwh,1102.2354570048549,kWh/year,central matched attribution cell,descriptive modeled contrast,results/feeder_attribution.csv,acdc_boundary.pipeline._manuscript_values,0.1.0
central_urban_synthetic_mst_conductor_contrast_pct,-14.061640075608475,%,central matched attribution cell,descriptive modeled contrast,results/feeder_attribution.csv,acdc_boundary.pipeline._manuscript_values,0.1.0
central_urban_synthetic_mst_fixed_design_dc_permission_contrast_pct,-1.6830261908608681,%,central matched attribution cell,descriptive modeled contrast,results/feeder_attribution.csv,acdc_boundary.pipeline._manuscript_values,0.1.0
central_urban_synthetic_mst_joint_incremental_architecture_contrast_pct,-1.9545833782030948,%,central matched attribution cell,descriptive modeled contrast,results/feeder_attribution.csv,acdc_boundary.pipeline._manuscript_values,0.1.0
central_urban_synthetic_mst_ideal_conversion_upper_bound_contrast_pct,-91.58722160654186,%,central matched attribution cell,descriptive modeled contrast,results/feeder_attribution.csv,acdc_boundary.pipeline._manuscript_values,0.1.0
central_urban_synthetic_mst_topology_sensitivity_vs_original_joint_pct,15.965025811133533,%,central matched attribution cell,descriptive modeled contrast,results/feeder_attribution.csv,acdc_boundary.pipeline._manuscript_values,0.1.0
central_urban_synthetic_mst_joint_dc_bus_fraction,0.10526315789473684,fraction,central matched attribution cell,descriptive modeled contrast,results/feeder_attribution.csv,acdc_boundary.pipeline._manuscript_values,0.1.0
central_urban_synthetic_mst_joint_dc_energy_fraction,0.06559547317505755,fraction,central matched attribution cell,descriptive modeled contrast,results/feeder_attribution.csv,acdc_boundary.pipeline._manuscript_values,0.1.0
central_urban_synthetic_mst_joint_boundary_count,3.0,count,central matched attribution cell,descriptive modeled contrast,results/feeder_attribution.csv,acdc_boundary.pipeline._manuscript_values,0.1.0
central_urban_synthetic_mst_joint_architecture,hybrid,text,central matched attribution cell,not applicable,results/feeder_attribution.csv,acdc_boundary.pipeline._manuscript_values,0.1.0
maximum_validation_error_pct,1.958356141622169,%,SimBench benchmark operating point,range across three feeders,results/validation_results.csv,acdc_boundary.pipeline._manuscript_values,0.1.0
validation_rural_relative_error_pct,1.1058435692372992,%,SimBench benchmark operating point,not applicable,results/validation_results.csv,acdc_boundary.pipeline._manuscript_values,0.1.0
validation_suburban_relative_error_pct,1.958356141622169,%,SimBench benchmark operating point,not applicable,results/validation_results.csv,acdc_boundary.pipeline._manuscript_values,0.1.0
validation_urban_relative_error_pct,1.4082432779974492,%,SimBench benchmark operating point,not applicable,results/validation_results.csv,acdc_boundary.pipeline._manuscript_values,0.1.0
validation_stress_case_count,12,cases,configured portfolio peak multipliers,not applicable,results/validation_stress_results.csv,acdc_boundary.pipeline._manuscript_values,0.1.0
validation_stress_max_error_pct,2.591290709385246,%,configured portfolio peak multipliers,not applicable,results/validation_stress_results.csv,acdc_boundary.pipeline._manuscript_values,0.1.0
validation_stress_min_voltage_pu,0.9831179074062522,p.u.,configured portfolio peak multipliers,not applicable,results/validation_stress_results.csv,acdc_boundary.pipeline._manuscript_values,0.1.0
validation_stress_max_loading_pct,48.96838529028211,%,configured portfolio peak multipliers,not applicable,results/validation_stress_results.csv,acdc_boundary.pipeline._manuscript_values,0.1.0
dp_exactness_case_count,8,cases,independently enumerated toy networks,not applicable,results/dp_exactness_validation.csv,acdc_boundary.pipeline._manuscript_values,0.1.0
dp_exactness_max_objective_error,5.684341886080802e-14,normalized objective units,independently enumerated toy networks,not applicable,results/dp_exactness_validation.csv,acdc_boundary.pipeline._manuscript_values,0.1.0
dp_exactness_tied_case_count,1,cases,independently enumerated toy networks,not applicable,results/dp_exactness_validation.csv,acdc_boundary.pipeline._manuscript_values,0.1.0
discrepancy_feeder_no_benefit_cells,897,cells,feeder discrepancy screening rule,not applicable,results/model_discrepancy_classification.csv,acdc_boundary.pipeline._manuscript_values,0.1.0
discrepancy_feeder_robust_cells,531,cells,feeder discrepancy screening rule,not applicable,results/model_discrepancy_classification.csv,acdc_boundary.pipeline._manuscript_values,0.1.0
discrepancy_feeder_indeterminate_cells,12,cells,feeder discrepancy screening rule,not applicable,results/model_discrepancy_classification.csv,acdc_boundary.pipeline._manuscript_values,0.1.0
discrepancy_global_max_no_benefit_cells,897,cells,global_max discrepancy screening rule,not applicable,results/model_discrepancy_classification.csv,acdc_boundary.pipeline._manuscript_values,0.1.0
discrepancy_global_max_robust_cells,525,cells,global_max discrepancy screening rule,not applicable,results/model_discrepancy_classification.csv,acdc_boundary.pipeline._manuscript_values,0.1.0
discrepancy_global_max_indeterminate_cells,18,cells,global_max discrepancy screening rule,not applicable,results/model_discrepancy_classification.csv,acdc_boundary.pipeline._manuscript_values,0.1.0
discrepancy_double_feeder_no_benefit_cells,897,cells,double_feeder discrepancy screening rule,not applicable,results/model_discrepancy_classification.csv,acdc_boundary.pipeline._manuscript_values,0.1.0
discrepancy_double_feeder_robust_cells,513,cells,double_feeder discrepancy screening rule,not applicable,results/model_discrepancy_classification.csv,acdc_boundary.pipeline._manuscript_values,0.1.0
discrepancy_double_feeder_indeterminate_cells,30,cells,double_feeder discrepancy screening rule,not applicable,results/model_discrepancy_classification.csv,acdc_boundary.pipeline._manuscript_values,0.1.0
discrepancy_feeder_rule_rural_no_benefit_cells,301,cells,rural joint cells under the feeder-specific rule,descriptive scenario-grid count,results/model_discrepancy_classification.csv,acdc_boundary.pipeline._manuscript_values,0.1.0
discrepancy_feeder_rule_rural_robust_cells,176,cells,rural joint cells under the feeder-specific rule,descriptive scenario-grid count,results/model_discrepancy_classification.csv,acdc_boundary.pipeline._manuscript_values,0.1.0
discrepancy_feeder_rule_rural_indeterminate_cells,3,cells,rural joint cells under the feeder-specific rule,descriptive scenario-grid count,results/model_discrepancy_classification.csv,acdc_boundary.pipeline._manuscript_values,0.1.0
discrepancy_feeder_rule_suburban_no_benefit_cells,308,cells,suburban joint cells under the feeder-specific rule,descriptive scenario-grid count,results/model_discrepancy_classification.csv,acdc_boundary.pipeline._manuscript_values,0.1.0
discrepancy_feeder_rule_suburban_robust_cells,167,cells,suburban joint cells under the feeder-specific rule,descriptive scenario-grid count,results/model_discrepancy_classification.csv,acdc_boundary.pipeline._manuscript_values,0.1.0
discrepancy_feeder_rule_suburban_indeterminate_cells,5,cells,suburban joint cells under the feeder-specific rule,descriptive scenario-grid count,results/model_discrepancy_classification.csv,acdc_boundary.pipeline._manuscript_values,0.1.0
discrepancy_feeder_rule_urban_no_benefit_cells,288,cells,urban joint cells under the feeder-specific rule,descriptive scenario-grid count,results/model_discrepancy_classification.csv,acdc_boundary.pipeline._manuscript_values,0.1.0
discrepancy_feeder_rule_urban_robust_cells,188,cells,urban joint cells under the feeder-specific rule,descriptive scenario-grid count,results/model_discrepancy_classification.csv,acdc_boundary.pipeline._manuscript_values,0.1.0
discrepancy_feeder_rule_urban_indeterminate_cells,4,cells,urban joint cells under the feeder-specific rule,descriptive scenario-grid count,results/model_discrepancy_classification.csv,acdc_boundary.pipeline._manuscript_values,0.1.0
ablation_baseline_all_ac_pct,62.291666666666664,%,all matched factorial cells,descriptive scenario-grid summary,results/converter_ablations.csv,acdc_boundary.pipeline._manuscript_values,0.1.0
ablation_baseline_hybrid_pct,27.708333333333336,%,all matched factorial cells,descriptive scenario-grid summary,results/converter_ablations.csv,acdc_boundary.pipeline._manuscript_values,0.1.0
ablation_baseline_root_dc_pct,10.0,%,all matched factorial cells,descriptive scenario-grid summary,results/converter_ablations.csv,acdc_boundary.pipeline._manuscript_values,0.1.0
ablation_baseline_architecture_change_pct,0.0,%,all matched factorial cells,descriptive scenario-grid summary,results/converter_ablations.csv,acdc_boundary.pipeline._manuscript_values,0.1.0
ablation_baseline_boundary_change_pct,0.0,%,all matched factorial cells,descriptive scenario-grid summary,results/converter_ablations.csv,acdc_boundary.pipeline._manuscript_values,0.1.0
ablation_baseline_mean_dc_bus_fraction,0.171035293897136,fraction,all matched factorial cells,descriptive scenario-grid summary,results/converter_ablations.csv,acdc_boundary.pipeline._manuscript_values,0.1.0
ablation_baseline_mean_loss_change_pct,-9.582444426062507,%,all matched factorial cells,descriptive scenario-grid summary,results/converter_ablations.csv,acdc_boundary.pipeline._manuscript_values,0.1.0
ablation_electrical_ideal_conversion_all_ac_pct,33.33333333333333,%,all matched factorial cells,descriptive scenario-grid summary,results/converter_ablations.csv,acdc_boundary.pipeline._manuscript_values,0.1.0
ablation_electrical_ideal_conversion_hybrid_pct,33.33333333333333,%,all matched factorial cells,descriptive scenario-grid summary,results/converter_ablations.csv,acdc_boundary.pipeline._manuscript_values,0.1.0
ablation_electrical_ideal_conversion_root_dc_pct,33.33333333333333,%,all matched factorial cells,descriptive scenario-grid summary,results/converter_ablations.csv,acdc_boundary.pipeline._manuscript_values,0.1.0
ablation_electrical_ideal_conversion_architecture_change_pct,66.59722222222221,%,all matched factorial cells,descriptive scenario-grid summary,results/converter_ablations.csv,acdc_boundary.pipeline._manuscript_values,0.1.0
ablation_electrical_ideal_conversion_boundary_change_pct,75.76388888888889,%,all matched factorial cells,descriptive scenario-grid summary,results/converter_ablations.csv,acdc_boundary.pipeline._manuscript_values,0.1.0
ablation_electrical_ideal_conversion_mean_dc_bus_fraction,0.4216791979949875,fraction,all matched factorial cells,descriptive scenario-grid summary,results/converter_ablations.csv,acdc_boundary.pipeline._manuscript_values,0.1.0
ablation_electrical_ideal_conversion_mean_loss_change_pct,-28.958343754194008,%,all matched factorial cells,descriptive scenario-grid summary,results/converter_ablations.csv,acdc_boundary.pipeline._manuscript_values,0.1.0
ablation_full_ideal_converter_all_ac_pct,0.0,%,all matched factorial cells,descriptive scenario-grid summary,results/converter_ablations.csv,acdc_boundary.pipeline._manuscript_values,0.1.0
ablation_full_ideal_converter_hybrid_pct,0.0,%,all matched factorial cells,descriptive scenario-grid summary,results/converter_ablations.csv,acdc_boundary.pipeline._manuscript_values,0.1.0
ablation_full_ideal_converter_root_dc_pct,100.0,%,all matched factorial cells,descriptive scenario-grid summary,results/converter_ablations.csv,acdc_boundary.pipeline._manuscript_values,0.1.0
ablation_full_ideal_converter_architecture_change_pct,90.0,%,all matched factorial cells,descriptive scenario-grid summary,results/converter_ablations.csv,acdc_boundary.pipeline._manuscript_values,0.1.0
ablation_full_ideal_converter_boundary_change_pct,90.0,%,all matched factorial cells,descriptive scenario-grid summary,results/converter_ablations.csv,acdc_boundary.pipeline._manuscript_values,0.1.0
ablation_full_ideal_converter_mean_dc_bus_fraction,1.0,fraction,all matched factorial cells,descriptive scenario-grid summary,results/converter_ablations.csv,acdc_boundary.pipeline._manuscript_values,0.1.0
ablation_full_ideal_converter_mean_loss_change_pct,-48.62605710861592,%,all matched factorial cells,descriptive scenario-grid summary,results/converter_ablations.csv,acdc_boundary.pipeline._manuscript_values,0.1.0
ablation_no_boundary_efficiency_loss_all_ac_pct,21.11111111111111,%,all matched factorial cells,descriptive scenario-grid summary,results/converter_ablations.csv,acdc_boundary.pipeline._manuscript_values,0.1.0
ablation_no_boundary_efficiency_loss_hybrid_pct,58.88888888888889,%,all matched factorial cells,descriptive scenario-grid summary,results/converter_ablations.csv,acdc_boundary.pipeline._manuscript_values,0.1.0
ablation_no_boundary_efficiency_loss_root_dc_pct,20.0,%,all matched factorial cells,descriptive scenario-grid summary,results/converter_ablations.csv,acdc_boundary.pipeline._manuscript_values,0.1.0
ablation_no_boundary_efficiency_loss_architecture_change_pct,41.18055555555556,%,all matched factorial cells,descriptive scenario-grid summary,results/converter_ablations.csv,acdc_boundary.pipeline._manuscript_values,0.1.0
ablation_no_boundary_efficiency_loss_boundary_change_pct,64.65277777777779,%,all matched factorial cells,descriptive scenario-grid summary,results/converter_ablations.csv,acdc_boundary.pipeline._manuscript_values,0.1.0
ablation_no_boundary_efficiency_loss_mean_dc_bus_fraction,0.4455141593299488,fraction,all matched factorial cells,descriptive scenario-grid summary,results/converter_ablations.csv,acdc_boundary.pipeline._manuscript_values,0.1.0
ablation_no_boundary_efficiency_loss_mean_loss_change_pct,-42.55779696560637,%,all matched factorial cells,descriptive scenario-grid summary,results/converter_ablations.csv,acdc_boundary.pipeline._manuscript_values,0.1.0
ablation_no_boundary_electrical_loss_all_ac_pct,19.166666666666668,%,all matched factorial cells,descriptive scenario-grid summary,results/converter_ablations.csv,acdc_boundary.pipeline._manuscript_values,0.1.0
ablation_no_boundary_electrical_loss_hybrid_pct,60.83333333333333,%,all matched factorial cells,descriptive scenario-grid summary,results/converter_ablations.csv,acdc_boundary.pipeline._manuscript_values,0.1.0
ablation_no_boundary_electrical_loss_root_dc_pct,20.0,%,all matched factorial cells,descriptive scenario-grid summary,results/converter_ablations.csv,acdc_boundary.pipeline._manuscript_values,0.1.0
ablation_no_boundary_electrical_loss_architecture_change_pct,43.125,%,all matched factorial cells,descriptive scenario-grid summary,results/converter_ablations.csv,acdc_boundary.pipeline._manuscript_values,0.1.0
ablation_no_boundary_electrical_loss_boundary_change_pct,70.55555555555556,%,all matched factorial cells,descriptive scenario-grid summary,results/converter_ablations.csv,acdc_boundary.pipeline._manuscript_values,0.1.0
ablation_no_boundary_electrical_loss_mean_dc_bus_fraction,0.49808763361394937,fraction,all matched factorial cells,descriptive scenario-grid summary,results/converter_ablations.csv,acdc_boundary.pipeline._manuscript_values,0.1.0
ablation_no_boundary_electrical_loss_mean_loss_change_pct,-70.33850893062035,%,all matched factorial cells,descriptive scenario-grid summary,results/converter_ablations.csv,acdc_boundary.pipeline._manuscript_values,0.1.0
ablation_no_capacity_regularizer_all_ac_pct,62.083333333333336,%,all matched factorial cells,descriptive scenario-grid summary,results/converter_ablations.csv,acdc_boundary.pipeline._manuscript_values,0.1.0
ablation_no_capacity_regularizer_hybrid_pct,27.916666666666668,%,all matched factorial cells,descriptive scenario-grid summary,results/converter_ablations.csv,acdc_boundary.pipeline._manuscript_values,0.1.0
ablation_no_capacity_regularizer_root_dc_pct,10.0,%,all matched factorial cells,descriptive scenario-grid summary,results/converter_ablations.csv,acdc_boundary.pipeline._manuscript_values,0.1.0
ablation_no_capacity_regularizer_architecture_change_pct,0.20833333333333334,%,all matched factorial cells,descriptive scenario-grid summary,results/converter_ablations.csv,acdc_boundary.pipeline._manuscript_values,0.1.0
ablation_no_capacity_regularizer_boundary_change_pct,3.8194444444444446,%,all matched factorial cells,descriptive scenario-grid summary,results/converter_ablations.csv,acdc_boundary.pipeline._manuscript_values,0.1.0
ablation_no_capacity_regularizer_mean_dc_bus_fraction,0.17308689726452883,fraction,all matched factorial cells,descriptive scenario-grid summary,results/converter_ablations.csv,acdc_boundary.pipeline._manuscript_values,0.1.0
ablation_no_capacity_regularizer_mean_loss_change_pct,-9.588183312078238,%,all matched factorial cells,descriptive scenario-grid summary,results/converter_ablations.csv,acdc_boundary.pipeline._manuscript_values,0.1.0
ablation_no_endpoint_mismatch_loss_all_ac_pct,100.0,%,all matched factorial cells,descriptive scenario-grid summary,results/converter_ablations.csv,acdc_boundary.pipeline._manuscript_values,0.1.0
ablation_no_endpoint_mismatch_loss_hybrid_pct,0.0,%,all matched factorial cells,descriptive scenario-grid summary,results/converter_ablations.csv,acdc_boundary.pipeline._manuscript_values,0.1.0
ablation_no_endpoint_mismatch_loss_root_dc_pct,0.0,%,all matched factorial cells,descriptive scenario-grid summary,results/converter_ablations.csv,acdc_boundary.pipeline._manuscript_values,0.1.0
ablation_no_endpoint_mismatch_loss_architecture_change_pct,37.708333333333336,%,all matched factorial cells,descriptive scenario-grid summary,results/converter_ablations.csv,acdc_boundary.pipeline._manuscript_values,0.1.0
ablation_no_endpoint_mismatch_loss_boundary_change_pct,37.708333333333336,%,all matched factorial cells,descriptive scenario-grid summary,results/converter_ablations.csv,acdc_boundary.pipeline._manuscript_values,0.1.0
ablation_no_endpoint_mismatch_loss_mean_dc_bus_fraction,0.0,fraction,all matched factorial cells,descriptive scenario-grid summary,results/converter_ablations.csv,acdc_boundary.pipeline._manuscript_values,0.1.0
ablation_no_endpoint_mismatch_loss_mean_loss_change_pct,0.0,%,all matched factorial cells,descriptive scenario-grid summary,results/converter_ablations.csv,acdc_boundary.pipeline._manuscript_values,0.1.0
ablation_no_standby_loss_all_ac_pct,57.22222222222222,%,all matched factorial cells,descriptive scenario-grid summary,results/converter_ablations.csv,acdc_boundary.pipeline._manuscript_values,0.1.0
ablation_no_standby_loss_hybrid_pct,31.11111111111111,%,all matched factorial cells,descriptive scenario-grid summary,results/converter_ablations.csv,acdc_boundary.pipeline._manuscript_values,0.1.0
ablation_no_standby_loss_root_dc_pct,11.666666666666666,%,all matched factorial cells,descriptive scenario-grid summary,results/converter_ablations.csv,acdc_boundary.pipeline._manuscript_values,0.1.0
ablation_no_standby_loss_architecture_change_pct,5.069444444444445,%,all matched factorial cells,descriptive scenario-grid summary,results/converter_ablations.csv,acdc_boundary.pipeline._manuscript_values,0.1.0
ablation_no_standby_loss_boundary_change_pct,24.930555555555557,%,all matched factorial cells,descriptive scenario-grid summary,results/converter_ablations.csv,acdc_boundary.pipeline._manuscript_values,0.1.0
ablation_no_standby_loss_mean_dc_bus_fraction,0.21751146027461815,fraction,all matched factorial cells,descriptive scenario-grid summary,results/converter_ablations.csv,acdc_boundary.pipeline._manuscript_values,0.1.0
ablation_no_standby_loss_mean_loss_change_pct,-14.99471612092688,%,all matched factorial cells,descriptive scenario-grid summary,results/converter_ablations.csv,acdc_boundary.pipeline._manuscript_values,0.1.0
performance_platform,Linux-6.8.0-1061-aws-x86_64-with-glibc2.35,text,current revision VM,single-run environment record,results/computational_environment.csv,acdc_boundary.pipeline._manuscript_values,0.1.0
performance_python,3.10.12,text,current revision VM,single-run environment record,results/computational_environment.csv,acdc_boundary.pipeline._manuscript_values,0.1.0
performance_processor,INTEL(R) XEON(R) PLATINUM 8559C,text,current revision VM,single-run environment record,results/computational_environment.csv,acdc_boundary.pipeline._manuscript_values,0.1.0
performance_memory_total,8131560 kB,text,current revision VM,single-run environment record,results/computational_environment.csv,acdc_boundary.pipeline._manuscript_values,0.1.0
performance_software_versions,numpy=2.2.6;pandas=2.3.3;networkx=3.4.2;pandapower=3.4.0;simbench=1.6.1;python-docx=1.2.0;matplotlib=3.10.6,text,current revision VM,single-run environment record,results/computational_environment.csv,acdc_boundary.pipeline._manuscript_values,0.1.0
performance_logical_cpus,2.0,count,current revision VM,single-run timing,results/computational_environment.csv,acdc_boundary.pipeline._manuscript_values,0.1.0
performance_peak_process_rss_mb,689.9140625,MiB,current revision VM,single-run timing,results/computational_environment.csv,acdc_boundary.pipeline._manuscript_values,0.1.0
performance_factorial_scenario_runtime_s,17.927377535999995,s,current revision VM,single-run timing,results/computational_environment.csv,acdc_boundary.pipeline._manuscript_values,0.1.0
performance_converter_ablation_runtime_s,36.39542201399996,s,current revision VM,single-run timing,results/computational_environment.csv,acdc_boundary.pipeline._manuscript_values,0.1.0
performance_pipeline_elapsed_before_document_build_s,97.05740966400003,s,current revision VM,single-run timing,results/computational_environment.csv,acdc_boundary.pipeline._manuscript_values,0.1.0
performance_benchmark_repeats,30,repeated solves,each feeder/topology benchmark,declared benchmark repetition count,results/feeder_runtime_benchmark.csv,acdc_boundary.pipeline._manuscript_values,0.1.0
performance_rural_original_nodes,14.0,nodes,30 repeated solves for the central optimization setting,median timing or deterministic evaluation count,results/feeder_runtime_benchmark.csv,acdc_boundary.pipeline._manuscript_values,0.1.0
performance_rural_original_edges,13.0,edges,30 repeated solves for the central optimization setting,median timing or deterministic evaluation count,results/feeder_runtime_benchmark.csv,acdc_boundary.pipeline._manuscript_values,0.1.0
performance_rural_original_median_runtime_ms,0.3162624999788477,ms,30 repeated solves for the central optimization setting,median timing or deterministic evaluation count,results/feeder_runtime_benchmark.csv,acdc_boundary.pipeline._manuscript_values,0.1.0
performance_rural_original_state_evaluations,27.0,evaluations,30 repeated solves for the central optimization setting,median timing or deterministic evaluation count,results/feeder_runtime_benchmark.csv,acdc_boundary.pipeline._manuscript_values,0.1.0
performance_rural_original_transition_evaluations,132.0,evaluations,30 repeated solves for the central optimization setting,median timing or deterministic evaluation count,results/feeder_runtime_benchmark.csv,acdc_boundary.pipeline._manuscript_values,0.1.0
performance_rural_synthetic_mst_nodes,14.0,nodes,30 repeated solves for the central optimization setting,median timing or deterministic evaluation count,results/feeder_runtime_benchmark.csv,acdc_boundary.pipeline._manuscript_values,0.1.0
performance_rural_synthetic_mst_edges,13.0,edges,30 repeated solves for the central optimization setting,median timing or deterministic evaluation count,results/feeder_runtime_benchmark.csv,acdc_boundary.pipeline._manuscript_values,0.1.0
performance_rural_synthetic_mst_median_runtime_ms,0.3437969999993129,ms,30 repeated solves for the central optimization setting,median timing or deterministic evaluation count,results/feeder_runtime_benchmark.csv,acdc_boundary.pipeline._manuscript_values,0.1.0
performance_rural_synthetic_mst_state_evaluations,27.0,evaluations,30 repeated solves for the central optimization setting,median timing or deterministic evaluation count,results/feeder_runtime_benchmark.csv,acdc_boundary.pipeline._manuscript_values,0.1.0
performance_rural_synthetic_mst_transition_evaluations,150.0,evaluations,30 repeated solves for the central optimization setting,median timing or deterministic evaluation count,results/feeder_runtime_benchmark.csv,acdc_boundary.pipeline._manuscript_values,0.1.0
performance_suburban_original_nodes,43.0,nodes,30 repeated solves for the central optimization setting,median timing or deterministic evaluation count,results/feeder_runtime_benchmark.csv,acdc_boundary.pipeline._manuscript_values,0.1.0
performance_suburban_original_edges,42.0,edges,30 repeated solves for the central optimization setting,median timing or deterministic evaluation count,results/feeder_runtime_benchmark.csv,acdc_boundary.pipeline._manuscript_values,0.1.0
performance_suburban_original_median_runtime_ms,1.099277999998094,ms,30 repeated solves for the central optimization setting,median timing or deterministic evaluation count,results/feeder_runtime_benchmark.csv,acdc_boundary.pipeline._manuscript_values,0.1.0
performance_suburban_original_state_evaluations,85.0,evaluations,30 repeated solves for the central optimization setting,median timing or deterministic evaluation count,results/feeder_runtime_benchmark.csv,acdc_boundary.pipeline._manuscript_values,0.1.0
performance_suburban_original_transition_evaluations,486.0,evaluations,30 repeated solves for the central optimization setting,median timing or deterministic evaluation count,results/feeder_runtime_benchmark.csv,acdc_boundary.pipeline._manuscript_values,0.1.0
performance_suburban_synthetic_mst_nodes,43.0,nodes,30 repeated solves for the central optimization setting,median timing or deterministic evaluation count,results/feeder_runtime_benchmark.csv,acdc_boundary.pipeline._manuscript_values,0.1.0
performance_suburban_synthetic_mst_edges,42.0,edges,30 repeated solves for the central optimization setting,median timing or deterministic evaluation count,results/feeder_runtime_benchmark.csv,acdc_boundary.pipeline._manuscript_values,0.1.0
performance_suburban_synthetic_mst_median_runtime_ms,1.1328045000027487,ms,30 repeated solves for the central optimization setting,median timing or deterministic evaluation count,results/feeder_runtime_benchmark.csv,acdc_boundary.pipeline._manuscript_values,0.1.0
performance_suburban_synthetic_mst_state_evaluations,85.0,evaluations,30 repeated solves for the central optimization setting,median timing or deterministic evaluation count,results/feeder_runtime_benchmark.csv,acdc_boundary.pipeline._manuscript_values,0.1.0
performance_suburban_synthetic_mst_transition_evaluations,498.0,evaluations,30 repeated solves for the central optimization setting,median timing or deterministic evaluation count,results/feeder_runtime_benchmark.csv,acdc_boundary.pipeline._manuscript_values,0.1.0
performance_urban_original_nodes,58.0,nodes,30 repeated solves for the central optimization setting,median timing or deterministic evaluation count,results/feeder_runtime_benchmark.csv,acdc_boundary.pipeline._manuscript_values,0.1.0
performance_urban_original_edges,57.0,edges,30 repeated solves for the central optimization setting,median timing or deterministic evaluation count,results/feeder_runtime_benchmark.csv,acdc_boundary.pipeline._manuscript_values,0.1.0
performance_urban_original_median_runtime_ms,1.4498430000173812,ms,30 repeated solves for the central optimization setting,median timing or deterministic evaluation count,results/feeder_runtime_benchmark.csv,acdc_boundary.pipeline._manuscript_values,0.1.0
performance_urban_original_state_evaluations,115.0,evaluations,30 repeated solves for the central optimization setting,median timing or deterministic evaluation count,results/feeder_runtime_benchmark.csv,acdc_boundary.pipeline._manuscript_values,0.1.0
performance_urban_original_transition_evaluations,642.0,evaluations,30 repeated solves for the central optimization setting,median timing or deterministic evaluation count,results/feeder_runtime_benchmark.csv,acdc_boundary.pipeline._manuscript_values,0.1.0
performance_urban_synthetic_mst_nodes,58.0,nodes,30 repeated solves for the central optimization setting,median timing or deterministic evaluation count,results/feeder_runtime_benchmark.csv,acdc_boundary.pipeline._manuscript_values,0.1.0
performance_urban_synthetic_mst_edges,57.0,edges,30 repeated solves for the central optimization setting,median timing or deterministic evaluation count,results/feeder_runtime_benchmark.csv,acdc_boundary.pipeline._manuscript_values,0.1.0
performance_urban_synthetic_mst_median_runtime_ms,1.488093999995499,ms,30 repeated solves for the central optimization setting,median timing or deterministic evaluation count,results/feeder_runtime_benchmark.csv,acdc_boundary.pipeline._manuscript_values,0.1.0
performance_urban_synthetic_mst_state_evaluations,115.0,evaluations,30 repeated solves for the central optimization setting,median timing or deterministic evaluation count,results/feeder_runtime_benchmark.csv,acdc_boundary.pipeline._manuscript_values,0.1.0
performance_urban_synthetic_mst_transition_evaluations,678.0,evaluations,30 repeated solves for the central optimization setting,median timing or deterministic evaluation count,results/feeder_runtime_benchmark.csv,acdc_boundary.pipeline._manuscript_values,0.1.0
performance_min_feeder_median_runtime_ms,0.3162624999788477,ms,30 repeated solves per feeder/topology,range across six feeder/topology cells,results/feeder_runtime_benchmark.csv,acdc_boundary.pipeline._manuscript_values,0.1.0
performance_max_feeder_median_runtime_ms,1.488093999995499,ms,30 repeated solves per feeder/topology,range across six feeder/topology cells,results/feeder_runtime_benchmark.csv,acdc_boundary.pipeline._manuscript_values,0.1.0
performance_max_enumerated_designs,16384,designs,8-node toy chain,not applicable,results/toy_scaling_benchmark.csv,acdc_boundary.pipeline._manuscript_values,0.1.0
performance_toy_max_objective_error,5.684341886080802e-14,normalized objective units,independently enumerated toy scaling cases,not applicable,results/toy_scaling_benchmark.csv,acdc_boundary.pipeline._manuscript_values,0.1.0
